age,age_onset,filename,native_language,sex,speakerid,country
27,9,afrikaans1,afrikaans,female,1,south africa
40,5,afrikaans2,afrikaans,male,2,south africa
43,4,afrikaans3,afrikaans,male,418,south africa
26,8,afrikaans4,afrikaans,male,1159,south africa
19,6,afrikaans5,afrikaans,male,1432,south africa
25,15,agni1,agni,male,3,ivory coast
41,5,akan1,akan,male,979,ghana
19,6,albanian1,albanian,male,4,kosovo
33,15,albanian2,albanian,male,5,albania
44,35,albanian3,albanian,male,458,albania
33,28,albanian4,albanian,male,868,kosovo
31,11,albanian5,albanian,male,946,albania
25,11,albanian6,albanian,female,1081,kosovo
45,11,albanian7,albanian,female,1403,kosovo
43,9,albanian8,albanian,female,1404,kosovo
22,6,albanian9,albanian,female,1706,albania
37,32,amazigh1,amazigh,male,601,morocco
39,16,amazigh2,amazigh,male,1498,morocco
20,5,amharic1,amharic,female,6,ethiopia
29,19,amharic10,amharic,female,998,ethiopia
24,17,amharic11,amharic,female,1129,ethiopia
26,15,amharic12,amharic,female,1130,ethiopia
28,6,amharic13,amharic,female,1131,ethiopia
31,12,amharic14,amharic,male,1515,ethiopia
23,6,amharic15,amharic,male,1516,ethiopia
36,11,amharic16,amharic,male,1854,ethiopia
21,9,amharic17,amharic,male,1906,ethiopia
20,2,amharic18,amharic,female,2017,ethiopia
19,10,amharic19,amharic,female,2132,ethiopia
23,7,amharic2,amharic,male,7,ethiopia
52,24,amharic20,amharic,female,2135,ethiopia
27,8,amharic3,amharic,male,8,ethiopia
20,7,amharic4,amharic,male,9,ethiopia
31,7,amharic5,amharic,male,10,ethiopia
31,4,amharic6,amharic,female,985,ethiopia
38,13,amharic7,amharic,male,989,ethiopia
30,12,amharic8,amharic,female,990,ethiopia
40,12,amharic9,amharic,male,991,ethiopia
38,12,arabic1,arabic,female,11,saudi arabia
26,5,arabic10,arabic,male,12,egypt
40,10,arabic100,arabic,female,2159,lebanon
21,10,arabic101,arabic,male,2160,qatar
22,3,arabic102,arabic,male,2161,saudi arabia
30,14,arabic11,arabic,female,13,tunisia
32,11,arabic12,arabic,male,14,iraq
25,15,arabic13,arabic,male,15,lebanon
47,11,arabic14,arabic,male,428,jordan
40,33,arabic15,arabic,male,437,tunisia
22,16,arabic16,arabic,male,471,morocco
35,15,arabic17,arabic,male,512,morocco
18,6,arabic18,arabic,male,539,kuwait
43,18,arabic19,arabic,male,625,morocco
18,2.5,arabic2,arabic,male,16,syria
36,12,arabic20,arabic,male,643,lebanon
46,30,arabic21,arabic,female,670,lebanon
23,10,arabic22,arabic,female,920,united arab emirates
42,13,arabic23,arabic,male,927,egypt
40,7,arabic24,arabic,male,970,egypt
38,5,arabic25,arabic,male,1011,israel (occupied territory)
43,14,arabic26,arabic,female,1012,jordan
70,10,arabic27,arabic,male,1013,israel
30,12,arabic28,arabic,male,1115,united arab emirates
19,17,arabic29,arabic,male,1116,qatar
24,9,arabic3,arabic,male,17,qatar
19,8,arabic30,arabic,female,1133,saudi arabia
47,12,arabic31,arabic,female,1181,iraq
42,12,arabic32,arabic,male,1203,iraq
28,11,arabic33,arabic,female,1204,iraq
34,6,arabic34,arabic,female,1253,kuwait
56,16,arabic35,arabic,male,1391,saudi arabia
36,6,arabic36,arabic,male,1392,saudi arabia
18,16,arabic37,arabic,male,1393,saudi arabia
19,9,arabic38,arabic,female,1394,usa
22,5,arabic39,arabic,male,1405,saudi arabia
19,6,arabic4,arabic,male,18,united arab emirates
19,13,arabic40,arabic,male,1420,saudi arabia
25,7,arabic41,arabic,male,1421,saudi arabia
21,13,arabic42,arabic,male,1422,saudi arabia
29,8,arabic43,arabic,female,1426,lebanon
29,7,arabic44,arabic,female,1455,saudi arabia
32,12,arabic45,arabic,female,1456,usa
28,13,arabic46,arabic,male,1457,saudi arabia
39,16,arabic47,arabic,male,1458,saudi arabia
29,12,arabic48,arabic,male,1459,saudi arabia
26,8,arabic49,arabic,male,1460,saudi arabia
19,15,arabic5,arabic,female,19,morocco
36,22,arabic50,arabic,male,1461,saudi arabia
23,12,arabic51,arabic,male,1486,saudi arabia
21,9,arabic52,arabic,female,1487,saudi arabia
36,17,arabic53,arabic,male,1526,morocco
22,7,arabic54,arabic,male,1565,iraq
70,33,arabic55,arabic,male,1569,lebanon
43,12,arabic56,arabic,male,1677,algeria
28,17,arabic57,arabic,female,1699,lebanon
34,9,arabic58,arabic,male,1700,iraq
55,9,arabic59,arabic,male,1702,jordan
21,14.5,arabic6,arabic,male,20,yemen
60,14,arabic60,arabic,male,1711,egypt
20,7,arabic61,arabic,male,1753,bahrain
19,18,arabic62,arabic,male,1768,saudi arabia
28,10,arabic63,arabic,female,1769,libya
23,6,arabic64,arabic,male,1777,saudi arabia
32,10,arabic65,arabic,female,1778,oman
50,14,arabic66,arabic,male,1784,saudi arabia
43,22,arabic67,arabic,male,1785,iraq
20,6,arabic68,arabic,male,1805,uk
55,15,arabic69,arabic,female,1810,sudan
18,15,arabic7,arabic,female,21,morocco
47,16,arabic70,arabic,male,1827,morocco
29,21,arabic71,arabic,female,1828,kuwait
20,11,arabic72,arabic,female,1832,iraq
47,7,arabic73,arabic,female,1841,israel
18,4,arabic74,arabic,male,1870,egypt
26,2,arabic75,arabic,female,1885,saudi arabia
25,4,arabic76,arabic,male,1892,saudi arabia
18,4,arabic77,arabic,female,1894,saudi arabia
19,3,arabic78,arabic,female,1897,usa
24,13,arabic79,arabic,female,1899,saudi arabia
21,17,arabic8,arabic,male,22,morocco
25,11,arabic80,arabic,male,1901,saudi arabia
22,17,arabic81,arabic,male,1914,saudi arabia
42,12,arabic82,arabic,male,1917,syria
22,21,arabic83,arabic,male,1920,saudi arabia
26,12,arabic84,arabic,female,1927,saudi arabia
24,14,arabic85,arabic,female,1963,saudi arabia
28,3,arabic86,arabic,male,1964,egypt
49,10,arabic87,arabic,female,2005,kuwait
19,4,arabic88,arabic,female,2008,lebanon
35,19,arabic89,arabic,female,2022,iraq
28,4,arabic9,arabic,female,23,israel
23,12,arabic90,arabic,female,2036,libya
57,12,arabic91,arabic,female,2086,saudi arabia
36,10,arabic92,arabic,male,2087,iraq
27,10,arabic93,arabic,female,2112,iraq
24,9,arabic94,arabic,female,2114,united arab emirates
31,10,arabic95,arabic,female,2143,kuwait
21,7,arabic96,arabic,male,2153,saudi arabia
19,4,arabic97,arabic,female,2154,united arab emirates
19,4,arabic98,arabic,female,2155,united arab emirates
25,16,arabic99,arabic,female,2157,saudi arabia
19,9,armenian1,armenian,female,24,armenia
44,7,armenian2,armenian,female,435,iran
54,12,armenian3,armenian,female,849,armenia
27,12,armenian4,armenian,female,947,republic of georgia
21,15,armenian5,armenian,female,997,armenia
23,11,armenian6,armenian,male,1228,russia
31,10,armenian7,armenian,male,1505,iran
50,35,armenian8,armenian,female,1710,armenia
42,1,ashanti1,ashanti,female,1977,ghana
24,14,azerbaijani1,azerbaijani,male,25,azerbaijan
42,40,azerbaijani2,azerbaijani,female,434,azerbaijan
31,16,azerbaijani3,azerbaijani,male,1791,azerbaijan
40,30,bafang1,bafang,male,26,cameroon
38,6,bafang2,bafang,male,992,cameroon
31,29,baga1,baga,male,27,guinea
43,40,bai1,bai,female,28,china
15.5,12,bambara1,bambara,female,29,mali
26,18,bambara2,bambara,female,30,mali
22,12,bambara3,bambara,male,413,mali
26,14,bambara4,bambara,male,787,senegal
23,21,bambara5,bambara,female,969,mali
31,15,bamun1,bamun,female,31,cameroon
34,6,bari1,bari,male,1029,sudan
36,7,bari2,bari,male,1030,sudan
69,34,basque1,basque,female,32,spain
50,19,basque2,basque,male,33,spain
54,10,bavarian1,bavarian,female,687,germany
52,10,bavarian2,bavarian,female,1045,germany
25,11,belarusan1,belarusan,male,417,belarus
43,12,belarusan2,belarusan,female,650,belarus
18,6,belarusan3,belarusan,male,2166,belarus
23,16,bengali1,bengali,male,34,bangladesh
18,3,bengali10,bengali,female,1009,bangladesh
34,3.5,bengali11,bengali,male,1018,india
25,4,bengali12,bengali,female,1682,bangladesh
33,10,bengali13,bengali,female,1825,bangladesh
26,4,bengali14,bengali,male,1973,india
46,8,bengali15,bengali,female,2004,bangladesh
24,6,bengali16,bengali,female,2073,bangladesh
19,6,bengali17,bengali,female,2139,bangladesh
25,2,bengali2,bengali,female,35,zambia
19,5,bengali3,bengali,female,36,bangladesh
24,6,bengali4,bengali,male,37,bangladesh
40,5,bengali5,bengali,female,622,bangladesh
29,4,bengali6,bengali,male,624,india
49,6,bengali7,bengali,male,710,bangladesh
54,5,bengali8,bengali,male,709,bangladesh
61,12,bengali9,bengali,female,987,india
39,37,bosnian1,bosnian,male,38,bosnia and herzegovina
21,10,bosnian2,bosnian,male,39,bosnia and herzegovina
25,12,bosnian3,bosnian,female,808,bosnia and herzegovina
20,11,bosnian4,bosnian,male,943,bosnia and herzegovina
25,6,bosnian5,bosnian,female,944,bosnia and herzegovina
29,22,bosnian6,bosnian,female,1025,bosnia and herzegovina
24,10,bosnian7,bosnian,female,1058,bosnia and herzegovina
24,15,bosnian8,bosnian,female,1082,bosnia and herzegovina
47,5,bosnian9,bosnian,male,1289,bosnia and herzegovina
25,16,bulgarian1,bulgarian,female,40,bulgaria
21,15,bulgarian10,bulgarian,female,965,bulgaria
24,16,bulgarian11,bulgarian,male,966,bulgaria
30,9,bulgarian12,bulgarian,female,1446,bulgaria
20,9,bulgarian13,bulgarian,male,1512,bulgaria
46,30,bulgarian14,bulgarian,male,1611,bulgaria
22,10,bulgarian15,bulgarian,male,1859,bulgaria
21,6,bulgarian16,bulgarian,male,1880,bulgaria
31,9,bulgarian17,bulgarian,female,1915,bulgaria
20,10,bulgarian18,bulgarian,male,2024,bulgaria
53,42,bulgarian2,bulgarian,female,41,bulgaria
27,10,bulgarian3,bulgarian,male,42,bulgaria
22,20,bulgarian4,bulgarian,male,43,bulgaria
23,14,bulgarian5,bulgarian,male,44,bulgaria
27,11,bulgarian6,bulgarian,male,557,bulgaria
18,13,bulgarian7,bulgarian,male,566,bulgaria
31,8,bulgarian8,bulgarian,female,848,bulgaria
31,10,bulgarian9,bulgarian,female,923,bulgaria
35,11,burmese1,burmese,female,758,myanmar
29,7,burmese2,burmese,male,1568,myanmar
22,12,cantonese1,cantonese,female,45,china
25,3,cantonese10,cantonese,female,505,china
22,3,cantonese11,cantonese,female,544,china
20,4,cantonese12,cantonese,female,602,china
21,3,cantonese13,cantonese,female,730,china
19,3,cantonese14,cantonese,female,742,china
31,12,cantonese15,cantonese,female,862,china
29,3,cantonese16,cantonese,female,874,china
26,3,cantonese17,cantonese,female,878,china
19,3,cantonese18,cantonese,male,885,china
28,7,cantonese19,cantonese,female,1247,china
20,13,cantonese2,cantonese,male,46,china
18,3,cantonese20,cantonese,male,1480,china
18,4,cantonese21,cantonese,female,1558,china
30,3,cantonese22,cantonese,female,1974,china
33,6,cantonese23,cantonese,male,1975,china
22,6,cantonese3,cantonese,male,47,china
29,13,cantonese4,cantonese,female,48,china
18,14,cantonese5,cantonese,male,49,china
25,5,cantonese6,cantonese,male,462,china
31,4,cantonese7,cantonese,male,494,china
23,2,cantonese8,cantonese,female,498,china
22,7,cantonese9,cantonese,male,502,china
32,6,carolinian1,carolinian,female,50,northern mariana islands
39,13,catalan1,catalan,male,51,spain
24,21,catalan2,catalan,male,598,spain
51,11,catalan3,catalan,female,1186,chile
21,11,catalan4,catalan,female,1414,spain
21,1,cebuano1,cebuano,female,565,philippines
41,5,chaldean1,chaldean,male,1251,iraq
62,11,chaldean2,chaldean,female,1299,iraq
18,1,chamorro1,chamorro,male,52,northern mariana islands
42,7,chichewa1,chichewa,male,1020,malawi
39,12,chittagonian1,chittagonian,male,708,bangladesh
81,16,croatian1,croatian,female,477,croatia
35,10,croatian2,croatian,female,561,bosnia and herzegovina
44,10,croatian3,croatian,female,661,croatia
38,11,croatian4,croatian,male,950,croatia
26,11,croatian5,croatian,female,1063,bosnia and herzegovina
23,14,croatian6,croatian,female,1083,bosnia and herzegovina
21,7,croatian7,croatian,female,1556,croatia
39,22,croatian8,croatian,male,1983,croatia
27,10.5,czech1,czech,female,53,czech republic
60,45,czech2,czech,male,560,czech republic
35,14,czech3,czech,male,653,czech republic
57,15,czech4,czech,female,879,czech republic
26,16,czech5,czech,female,1066,czech republic
20,7,czech6,czech,male,1248,czech republic
22,11,czech7,czech,female,1501,czech republic
21,7,czech8,czech,female,1822,czech republic
38,23,czech9,czech,male,2140,czech republic
45,11,danish1,danish,female,54,denmark
37,8,danish2,danish,female,55,denmark
53,12,danish3,danish,female,1367,denmark
21,11,danish4,danish,female,1434,denmark
49,8,danish5,danish,female,1573,denmark
19,8,danish6,danish,male,1577,denmark
22,8,danish7,danish,male,1717,denmark
28,11,danish8,danish,female,1746,denmark
25,13,dari1,dari,female,56,afghanistan
55,12,dari2,dari,male,642,afghanistan
20,12,dari3,dari,male,968,afghanistan
59,13,dari4,dari,male,1754,afghanistan
56,32,dari5,dari,female,1868,afghanistan
39,33,dinka1,dinka,male,415,sudan
38,13,dutch1,dutch,male,57,netherlands
39,12,dutch10,dutch,male,913,belgium
41,14,dutch11,dutch,male,929,belgium
36,10,dutch12,dutch,male,956,netherlands
33,10,dutch13,dutch,female,1003,netherlands
35,12,dutch14,dutch,female,1004,netherlands
23,10,dutch15,dutch,male,1223,netherlands
23,12,dutch16,dutch,female,1260,belgium
21,12,dutch17,dutch,female,1261,belgium
23,14,dutch18,dutch,male,1262,belgium
22,11,dutch19,dutch,female,1263,belgium
41,14,dutch2,dutch,male,58,netherlands
21,13,dutch20,dutch,female,1264,belgium
21,13,dutch21,dutch,female,1265,belgium
23,13,dutch22,dutch,female,1266,belgium
23,13,dutch23,dutch,male,1268,belgium
23,14,dutch24,dutch,female,1269,south korea
23,13,dutch25,dutch,female,1270,belgium
23,13,dutch26,dutch,female,1271,belgium
21,13,dutch27,dutch,female,1274,belgium
22,8,dutch28,dutch,male,1275,belgium
29,7,dutch29,dutch,male,1300,netherlands
19,6,dutch3,dutch,male,537,netherlands
21,14,dutch30,dutch,female,1462,belgium
23,13,dutch31,dutch,female,1463,belgium
21,14,dutch32,dutch,male,1464,belgium
22,9,dutch33,dutch,female,1466,belgium
22,14,dutch34,dutch,female,1468,belgium
21,13,dutch35,dutch,female,1473,belgium
21,12,dutch36,dutch,female,1476,belgium
21,11,dutch37,dutch,female,1479,belgium
21,12,dutch38,dutch,female,1481,belgium
22,10,dutch39,dutch,female,1482,netherlands
18,10,dutch4,dutch,male,743,belgium
25,9,dutch40,dutch,male,1484,netherlands
41,13,dutch41,dutch,male,1517,netherlands
36,8,dutch42,dutch,male,1551,netherlands
21,11,dutch43,dutch,male,1705,netherlands
21,12,dutch44,dutch,female,1740,belgium
22,2,dutch45,dutch,male,1742,belgium
22,12,dutch46,dutch,female,1743,belgium
37,11,dutch47,dutch,female,2115,netherlands
54,13,dutch5,dutch,female,770,netherlands
46,10,dutch6,dutch,female,847,belgium
68,10,dutch7,dutch,male,895,netherlands
35,12,dutch8,dutch,female,896,netherlands
68,12,dutch9,dutch,female,897,netherlands
35,3,ebira1,ebira,male,59,nigeria
25,6,edo1,edo,male,60,nigeria
42,0,english1,english,male,61,usa
35,0,english10,english,female,62,usa
23,0,english100,english,female,63,usa
18,0,english101,english,female,64,canada
22,0,english102,english,male,65,usa
21,0,english103,english,male,66,usa
18,0,english104,english,female,67,usa
57,0,english105,english,male,407,canada
39,0,english106,english,female,408,usa
19,0,english107,english,male,416,usa
21,0,english108,english,male,419,uk
26,0,english109,english,female,420,usa
35,0,english11,english,female,68,uk
21,0,english110,english,male,421,uk
21,0,english111,english,male,426,india
21,0,english112,english,male,427,us virgin islands
31,0,english113,english,male,439,uk
38,0,english114,english,female,442,usa
31,0,english115,english,male,443,uk
56,0,english116,english,male,444,usa
60,0,english117,english,female,445,usa
19,0,english118,english,male,446,usa
32,0,english119,english,female,455,canada
71,0,english12,english,female,69,uk
65,0,english120,english,male,456,canada
21,0,english121,english,male,465,usa
20,0,english122,english,female,468,malaysia
28,0,english123,english,female,469,usa
38,0,english124,english,male,480,usa
28,0,english125,english,male,485,australia
34,0,english126,english,female,487,usa
39,0,english127,english,male,489,usa
20,0,english128,english,female,490,usa
25,0,english129,english,male,492,uk
69,0,english13,english,male,70,uk
32,0,english130,english,male,496,south africa
23,0,english131,english,male,497,usa
18,0,english132,english,female,503,canada
36,0,english133,english,female,504,usa
22,0,english134,english,female,506,uk
22,0,english135,english,male,507,usa
25,0,english136,english,male,508,canada
26,0,english137,english,male,509,usa
25,0,english138,english,female,510,usa
20,0,english139,english,male,511,usa
40,0,english14,english,male,71,uk
43,0,english140,english,male,515,philippines
19,0,english141,english,male,516,uk
19,0,english142,english,male,517,usa
42,0,english143,english,male,518,usa
24,0,english144,english,male,519,canada
18,0,english145,english,male,521,uk
22,0,english146,english,male,522,usa
40,0,english147,english,female,523,usa
31,0,english148,english,male,525,australia
18,0,english149,english,male,526,usa
7,0,english15,english,female,72,usa
31,0,english150,english,male,527,usa
18,0,english151,english,male,528,usa
18,0,english152,english,male,529,australia
35,0,english153,english,male,533,australia
28,0,english154,english,male,534,canada
35,0,english155,english,male,535,usa
33,0,english156,english,male,536,ireland
35,0,english157,english,male,538,usa
18,0,english158,english,female,540,usa
18,0,english159,english,male,541,canada
21,0,english16,english,male,73,usa
21,0,english160,english,female,542,usa
75,0,english161,english,female,546,usa
41,0,english162,english,female,548,usa
41,0,english163,english,male,547,usa
38,0,english164,english,male,549,uk
43,0,english165,english,female,550,usa
18,0,english166,english,male,551,usa
43,0,english167,english,male,552,usa
40,0,english168,english,male,554,usa
18,0,english169,english,male,555,usa
79,0,english17,english,male,74,usa
50,0,english170,english,female,556,usa
21,0,english171,english,male,563,usa
49,0,english172,english,male,564,jamaica
19,0,english173,english,male,567,usa
30,0,english174,english,female,568,malaysia
24,0,english175,english,male,572,usa
18,0,english176,english,female,573,usa
23,0,english177,english,female,574,usa
30,0,english178,english,male,583,usa
57,0,english179,english,male,584,usa
39,0,english18,english,female,75,usa
20,0,english180,english,male,585,usa
68,0,english181,english,male,586,usa
50,0,english182,english,male,590,usa
55,0,english183,english,female,595,guyana
18,0,english184,english,female,597,usa
38,0,english185,english,male,604,uk
39,0,english186,english,female,605,usa
42,0,english187,english,female,606,usa
35,0,english188,english,male,611,uk
19,0,english189,english,male,617,usa
53,0,english19,english,male,76,usa
27,0,english190,english,male,618,usa
19,0,english191,english,male,631,usa
27,0,english192,english,female,636,usa
32,0,english193,english,male,637,usa
19,0,english194,english,male,638,uk
21,0,english195,english,female,639,usa
50,0,english196,english,female,654,fiji
22,0,english197,english,male,662,usa
56,0,english198,english,male,663,usa
25,0,english199,english,male,664,usa
30,0,english2,english,female,77,uk
27,0,english20,english,female,78,usa
22,0,english200,english,female,667,usa
26,0,english201,english,female,668,usa
19,0,english202,english,male,673,usa
63,0,english203,english,female,674,usa
53,0,english204,english,male,678,usa
45,0,english205,english,female,679,usa
35,0,english206,english,female,680,uk
23,0,english207,english,female,684,usa
46,0,english208,english,male,695,usa
28,0,english209,english,female,702,antigua and barbuda
37,0,english21,english,female,79,usa
23,0,english210,english,female,705,canada
30,0,english211,english,male,720,usa
24,0,english212,english,male,729,usa
38,0,english213,english,male,734,usa
26,0,english214,english,male,737,usa
20,0,english215,english,male,738,uk
48,0,english216,english,female,739,usa
66,0,english217,english,male,740,uk
27,0,english218,english,female,747,usa
38,0,english219,english,female,748,usa
25,0,english22,english,female,80,panama
18,0,english220,english,female,749,usa
45,0,english221,english,male,754,uk
18,0,english222,english,female,764,usa
18,0,english223,english,male,767,usa
20,0,english224,english,male,768,barbados
50,0,english225,english,male,771,uk
38,0,english226,english,male,772,uk
42,0,english227,english,female,773,uk
59,0,english228,english,female,774,uk
25,0,english229,english,male,775,usa
43,0,english23,english,male,81,usa
35,0,english230,english,male,776,australia
22,0,english231,english,male,791,usa
32,0,english232,english,female,798,usa
26,0,english233,english,female,793,canada
49,0,english234,english,male,794,usa
52,0,english235,english,female,795,usa
44,0,english236,english,male,799,usa
22,0,english237,english,female,801,usa
21,0,english238,english,female,802,canada
19,0,english239,english,male,803,panama
37,0,english24,english,male,82,uk
26,0,english240,english,male,815,canada
52,0,english241,english,female,817,new zealand
77,0,english242,english,female,818,usa
27,0,english243,english,male,820,canada
23,0,english244,english,male,821,usa
25,0,english245,english,male,824,usa
32,0,english246,english,male,825,usa
33,0,english247,english,male,835,canada
18,0,english248,english,female,840,usa
29,0,english249,english,female,850,usa
57,0,english25,english,male,83,usa
19,0,english250,english,male,852,uk
21,0,english251,english,male,855,usa
25,0,english252,english,female,856,usa
21,0,english253,english,male,857,ireland
39,0,english254,english,male,858,usa
24,0,english255,english,female,859,new zealand
23,0,english256,english,male,861,usa
24,0,english257,english,male,863,usa
24,0,english258,english,male,869,ireland
23,0,english259,english,male,870,singapore
71,0,english26,english,male,84,usa
18,0,english260,english,female,871,usa
59,0,english261,english,female,875,usa
60,0,english262,english,male,876,usa
21,0,english263,english,male,884,usa
21,0,english264,english,male,889,usa
31,0,english265,english,male,890,usa
18,0,english266,english,male,899,usa
66,0,english267,english,male,900,uk
67,0,english268,english,female,901,uk
22,0,english269,english,female,902,australia
37,0,english27,english,female,85,usa
29,0,english270,english,male,903,south africa
32,0,english271,english,female,904,south africa
20,0,english272,english,male,905,usa
46,0,english273,english,male,907,usa
25,0,english274,english,female,909,australia
20,0,english275,english,female,912,usa
50,0,english276,english,female,918,usa
48,0,english277,english,female,919,usa
18,0,english278,english,female,921,usa
30,0,english279,english,female,922,singapore
54,0,english28,english,male,86,canada
19,0,english280,english,female,935,isle of man
23,0,english281,english,male,937,usa
20,0,english282,english,male,939,usa
18,0,english283,english,male,951,usa
33,0,english284,english,male,952,usa
50,0,english285,english,male,961,australia
21,0,english286,english,female,977,usa
27,0,english287,english,female,981,singapore
26,0,english288,english,female,982,usa
19,0,english289,english,female,983,usa
54,0,english29,english,female,87,canada
20,0,english290,english,male,986,usa
18,0,english291,english,male,1026,belize
38,0,english292,english,male,1051,usa
22,0,english293,english,female,1052,usa
19,0,english294,english,female,1060,australia
25,0,english295,english,male,1067,canada
18,0,english296,english,female,1070,canada
19,0,english297,english,male,1071,usa
22,0,english298,english,male,1072,australia
59,0,english299,english,male,1075,canada
26,0,english3,english,female,88,australia
30,0,english30,english,female,89,canada
18,0,english300,english,male,1076,ireland
41,0,english301,english,male,1078,canada
22,0,english302,english,male,1085,australia
45,0,english303,english,female,1086,usa
20,0,english304,english,female,1088,ireland
24,0,english305,english,female,1094,bolivia
24,0,english306,english,female,1093,uk
48,0,english307,english,male,1100,usa
34,0,english308,english,male,1101,uk
44,0,english309,english,female,1105,new zealand
31,0,english31,english,female,90,trinidad
37,0,english310,english,female,1108,uk
38,0,english311,english,female,1110,usa
40,0,english312,english,female,1113,canada
28,0,english313,english,male,1119,usa
26,0,english314,english,female,1120,usa
25,0,english315,english,male,1121,usa
33,0,english316,english,male,1122,usa
26,0,english317,english,male,1132,usa
46,0,english318,english,male,1137,canada
29,0,english319,english,male,1138,uk
50,0,english32,english,female,91,usa
59,0,english320,english,female,1162,liberia
52,0,english321,english,male,1163,usa
29,0,english322,english,male,1172,canada
31,0,english323,english,female,1173,canada
28,0,english324,english,male,1174,canada
32,0,english325,english,male,1176,usa
53,0,english326,english,male,1188,usa
27,0,english327,english,male,1205,usa
23,0,english328,english,female,1206,usa
21,0,english329,english,female,1207,usa
21,0,english33,english,male,92,usa
18,0,english330,english,female,1208,usa
28,0,english331,english,female,1209,australia
20,0,english332,english,female,1212,usa
32,0,english333,english,female,1214,usa
18,0,english334,english,female,1215,uk
6,0,english335,english,male,1216,usa
46,0,english336,english,female,1217,usa
84,0,english337,english,female,1218,usa
53,0,english338,english,female,1219,australia
54,0,english339,english,male,1220,usa
18,0,english34,english,female,93,usa
19,0,english340,english,male,1222,usa
23,0,english341,english,female,1224,usa
33,0,english342,english,male,1225,usa
23,0,english343,english,male,1226,usa
19,0,english344,english,female,1232,usa
20,0,english345,english,male,1233,usa
60,0,english346,english,male,1235,usa
22,0,english347,english,female,1236,usa
20,0,english348,english,female,1237,philippines
24,0,english349,english,female,1239,usa
60,0,english35,english,female,94,usa
18,0,english350,english,female,1241,uk
37,0,english351,english,male,1242,usa
25,0,english352,english,male,1243,singapore
18,0,english353,english,male,1246,canada
23,0,english354,english,female,1250,new zealand
19,0,english355,english,male,1256,usa
23,0,english356,english,female,1257,canada
24,0,english357,english,male,1258,usa
19,0,english358,english,male,1259,canada
32,0,english359,english,male,1276,canada
60,0,english36,english,male,95,usa
19,0,english360,english,female,1277,usa
20,0,english361,english,female,1280,usa
21,0,english362,english,male,1281,ireland
20,0,english363,english,male,1287,uk
28,0,english364,english,female,1288,australia
52,0,english365,english,male,1292,uk
25,0,english366,english,female,1293,uk
25,0,english367,english,female,1294,uk
43,0,english368,english,male,1295,uk
27,0,english369,english,male,1297,usa
28,0,english37,english,female,96,india
22,0,english370,english,male,1302,india
27,0,english371,english,female,1303,usa
80,0,english372,english,male,1307,usa
22,0,english373,english,male,1308,usa
36,0,english374,english,male,1310,uk
28,0,english375,english,male,1312,usa
46,0,english376,english,male,1315,usa
32,0,english377,english,female,1319,usa
38,0,english378,english,female,1320,usa
43,0,english379,english,male,1321,usa
27,0,english38,english,male,97,uk
34,0,english380,english,female,1323,usa
85,0,english381,english,male,1324,usa
34,0,english382,english,male,1325,usa
32,0,english383,english,female,1326,usa
57,0,english384,english,male,1327,usa
77,0,english385,english,female,1328,usa
56,0,english386,english,female,1330,usa
21,0,english387,english,female,1331,usa
70,0,english388,english,female,1332,usa
71,0,english389,english,female,1333,usa
59,0,english39,english,female,98,usa
74,0,english390,english,male,1334,usa
84,0,english391,english,female,1335,usa
62,0,english392,english,male,1336,usa
58,0,english393,english,female,1337,usa
82,0,english394,english,female,1339,usa
39,0,english395,english,male,1340,usa
48,0,english396,english,female,1341,usa
76,0,english397,english,female,1342,usa
83,0,english398,english,female,1343,usa
80,0,english399,english,female,1345,usa
53,0,english4,english,female,99,jamaica
53,0,english40,english,male,100,uk
59,0,english400,english,female,1348,uk
26,0,english401,english,male,1349,switzerland
26,0,english402,english,female,1350,australia
29,0,english403,english,female,1351,australia
29,0,english404,english,male,1352,australia
32,0,english405,english,female,1353,australia
24,0,english406,english,female,1358,usa
47,0,english407,english,male,1360,canada
64,0,english408,english,male,1361,usa
60,0,english409,english,female,1362,australia
44,0,english41,english,male,101,new zealand
35,0,english410,english,male,1363,new zealand
26,0,english411,english,female,1371,usa
31,0,english412,english,female,1372,usa
20,0,english413,english,female,1373,uk
30,0,english414,english,female,1374,usa
32,0,english415,english,male,1375,usa
34,0,english416,english,male,1377,australia
20,0,english417,english,female,1380,uk
29,0,english418,english,male,1384,virginia
27,0,english419,english,male,1385,usa
65,0,english42,english,male,102,south africa
21,0,english420,english,male,1387,new zealand
38,0,english421,english,male,1388,germany
31,0,english422,english,male,1390,usa
24,0,english423,english,female,1395,usa
75,0,english424,english,male,1409,usa
31,0,english425,english,male,1410,usa
30,0,english426,english,female,1411,usa
68,0,english427,english,female,1412,usa
55,0,english428,english,female,1413,usa
19,0,english429,english,female,1416,usa
47,0,english43,english,male,103,canada
23,0,english430,english,female,1419,australia
23,0,english431,english,female,1423,usa
22,0,english432,english,female,1428,ireland
32,0,english433,english,female,1430,usa
24,0,english434,english,male,1469,usa
20,0,english435,english,female,1471,usa
19,0,english436,english,female,1475,the bahamas
21,0,english437,english,male,1477,usa
20,0,english438,english,female,1492,usa
18,0,english439,english,female,1493,canada
63,0,english44,english,female,104,usa
22,0,english440,english,female,1502,uk
19,0,english441,english,female,1524,usa
23,0,english442,english,male,1528,usa
31,0,english443,english,male,1530,usa
24,0,english444,english,male,1531,usa
60,0,english445,english,male,1532,usa
23,0,english446,english,female,1533,usa
21,0,english447,english,male,1534,usa
20,0,english448,english,male,1536,uk
27,0,english449,english,male,1538,usa
52,0,english45,english,male,105,usa
26,0,english450,english,male,1544,uk
44,0,english451,english,male,1546,usa
24,0,english452,english,male,1547,australia
21,0,english453,english,female,1548,usa
19,0,english454,english,female,1550,usa
29,0,english455,english,female,1552,usa
37,0,english456,english,female,1554,uk
43,0,english457,english,male,1555,usa
22,0,english458,english,female,1559,usa
19,0,english459,english,male,1560,usa
73,0,english46,english,male,106,usa
19,0,english460,english,female,1561,uk
44,0,english461,english,female,1563,usa
20,0,english462,english,male,1564,usa
53,0,english463,english,female,1571,usa
27,0,english464,english,male,1618,canada
20,0,english465,english,male,1635,uk
18,0,english466,english,male,1637,usa
23,1,english467,english,male,1639,italy
30,0,english468,english,male,1640,usa
22,0,english469,english,male,1641,usa
76,0,english47,english,female,107,usa
21,0,english470,english,male,1642,uk
26,0,english471,english,female,1648,canada
26,0,english472,english,male,1649,spain
20,0,english473,english,male,1650,uk
33,0,english474,english,female,1656,usa
29,0,english475,english,female,1657,usa
64,0,english476,english,female,1658,usa
31,0,english477,english,female,1659,usa
19,0,english478,english,male,1661,canada
64,0,english479,english,female,1664,usa
26,0,english48,english,male,108,papua new guinea
58,0,english480,english,male,1665,usa
88,0,english481,english,female,1666,usa
74,0,english482,english,female,1667,usa
19,0,english483,english,male,1668,usa
24,0,english484,english,male,1672,ireland
20,0,english485,english,male,1674,usa
53,0,english486,english,female,1683,guyana
22,0,english487,english,female,1688,uk
35,0,english488,english,female,1692,uk
46,0,english489,english,female,1694,jamaica
43,0,english49,english,male,109,usa
18,0,english490,english,male,1709,new zealand
79,0,english491,english,female,1713,jamaica
22,0,english492,english,female,1716,usa
20,0,english493,english,male,1718,usa
27.5,0,english494,english,male,1719,usa
21,0,english495,english,male,1720,usa
20,0,english496,english,male,1724,uk
22,0,english497,english,male,1726,usa
27,0,english498,english,male,1727,canada
21,0,english499,english,female,1728,usa
62,0,english5,english,male,110,usa
29,0,english50,english,female,111,usa
38,0,english500,english,male,1733,australia
64,0,english501,english,female,1734,usa
30,0,english502,english,female,1735,usa
29,0,english503,english,female,1739,nigeria
25,0,english504,english,male,1786,usa
50,0,english505,english,female,1798,lebanon
30,0,english506,english,female,1799,usa
21,0,english507,english,male,1800,ghana
20,0,english508,english,female,1801,usa
44,0,english509,english,female,1802,usa
67,0,english51,english,male,112,usa
66,0,english510,english,female,1803,usa
31,0,english511,english,female,1818,usa
54,0,english512,english,female,1819,usa
52,0,english513,english,female,1856,panama
57,0,english514,english,male,1872,usa
55,0,english515,english,female,1873,usa
32,0,english516,english,female,1875,usa
33,0,english517,english,male,1876,usa
24,0,english518,english,male,1878,ireland
18,1,english519,english,female,1882,pakistan
20,0,english52,english,male,113,canada
47,0,english520,english,female,1884,usa
25,0,english521,english,female,1886,usa
22,0,english522,english,female,1887,usa
18,0,english523,english,female,1888,usa
19,0,english524,english,male,1890,usa
18,0,english525,english,female,1893,usa
20,0,english526,english,male,1895,usa
25,0,english527,english,female,1907,usa
52,0,english528,english,female,1908,usa
29,0,english529,english,female,1925,usa
63,0,english53,english,male,114,usa
50,0,english530,english,female,1926,usa
29,0,english531,english,female,1928,usa
23,0,english532,english,female,1933,usa
38,0,english533,english,female,1934,usa
29,0,english534,english,female,1951,usa
22,0,english535,english,female,1955,usa
21,0,english536,english,female,1956,usa
21,0,english537,english,female,1957,usa
20,0,english538,english,female,1958,usa
19,0,english539,english,female,1959,usa
40,0,english54,english,female,115,usa
18,0,english540,english,female,1960,usa
27,0,english541,english,female,1961,usa
60,0,english542,english,male,1962,canada
39,0,english543,english,female,1969,canada
31,0,english544,english,male,1970,usa
56,0,english545,english,male,1995,usa
43,0,english546,english,female,1996,usa
63,0,english547,english,male,1997,usa
61,0,english548,english,male,2003,ireland
19,0,english549,english,female,2012,uk
53,0,english55,english,female,116,usa
82,0,english550,english,male,2028,usa
81,0,english551,english,female,2029,usa
23,0,english552,english,female,2043,usa
21,0,english553,english,male,2046,usa
22,0,english554,english,female,2047,usa
90,0,english555,english,male,2049,usa
84,0,english556,english,female,2050,usa
25,2,english557,english,female,2053,united arab emirates
23,0,english558,english,male,2055,usa
19,0,english559,english,female,2056,usa
20,0,english56,english,male,117,uk
22,0,english560,english,female,2059,usa
20,0,english561,english,female,2060,usa
30,0,english562,english,female,2061,usa
32,0,english563,english,male,2074,usa
52,0,english564,english,male,2077,usa
27,0,english565,english,female,2080,usa
22,0,english566,english,male,2081,uk
24,0,english567,english,male,2101,usa
86,0,english568,english,female,2103,usa
24,0,english569,english,male,2104,australia
34,0,english57,english,male,118,uk
42,0,english570,english,female,2106,usa
39,0,english571,english,male,2113,usa
51,0,english572,english,male,2121,usa
46,0,english573,english,male,2124,usa
26,0,english574,english,female,2162,canada
24,0,english575,english,male,2165,usa
63,0,english576,english,female,2167,usa
38,0,english577,english,female,2170,usa
60,0,english578,english,male,2171,uk
22,0,english579,english,male,2172,australia
46,0,english58,english,female,119,uk
30,0,english59,english,male,120,usa
45,0,english6,english,female,121,usa
18,0,english60,english,male,122,usa
19,0,english61,english,male,123,canada
30,0,english62,english,male,124,usa
21,0,english63,english,male,125,usa
25,0,english64,english,female,126,canada
47,0,english65,english,male,127,usa
19,0,english66,english,male,128,usa
37,0,english67,english,male,129,usa
52,0,english68,english,male,130,usa
23,0,english69,english,male,131,australia
52,0,english7,english,male,132,usa
21,0,english70,english,male,133,usa
20,0,english71,english,male,134,usa
31,0,english72,english,male,135,ireland
24,0,english73,english,male,136,australia
21,0,english74,english,male,137,usa
32,0,english75,english,male,138,usa
18,0,english76,english,female,139,usa
26,0,english77,english,male,140,australia
20,0,english78,english,female,141,usa
73,0,english79,english,male,142,usa
21,0,english8,english,female,143,australia
34,0,english80,english,male,144,uk
30,0,english81,english,male,145,usa
50,0,english82,english,female,146,usa
42,0,english83,english,female,147,usa
45,0,english84,english,male,148,australia
31,0,english85,english,male,149,uk
50,0,english86,english,male,150,usa
18,0,english87,english,female,151,australia
18,0,english88,english,male,152,usa
18,0,english89,english,male,153,usa
48,0,english9,english,female,154,usa
53,0,english90,english,male,155,usa
23,0,english91,english,male,156,jamaica
22,0,english92,english,female,157,usa
22,0,english93,english,female,158,usa
55,0,english94,english,female,159,usa
18,0,english95,english,male,160,usa
31,0,english96,english,male,161,usa
42,0,english97,english,male,162,usa
22,0,english98,english,male,163,usa
52,0,english99,english,female,164,usa
26,7,estonian1,estonian,male,591,estonia
27,12,estonian2,estonian,male,1313,estonia
22,9,estonian3,estonian,male,1776,estonia
28,9,estonian4,estonian,female,1867,estonia
25,9,ewe1,ewe,male,165,ghana
37,5,ewe2,ewe,female,975,ghana
20,11,fang1,fang,female,166,equatorial guinea
32,6,fanti1,fanti,male,167,ghana
24,7,fanti2,fanti,female,1511,ghana
46,5,fanti3,fanti,female,1863,ghana
28,11,faroese1,faroese,male,1244,faroe islands
22,13,farsi1,farsi,male,168,iran
45,10,farsi10,farsi,female,453,iran
32,4,farsi11,farsi,female,1015,afghanistan
42,11,farsi12,farsi,male,1112,iran
37,12,farsi13,farsi,male,1378,iran
52,6,farsi14,farsi,female,1572,usa
20,4,farsi15,farsi,male,1598,iran
54,38,farsi16,farsi,female,1623,iran
27,16,farsi17,farsi,female,1858,iran
19,5,farsi18,farsi,female,1913,iran
63,27,farsi19,farsi,female,1936,iran
34,18,farsi2,farsi,female,169,iran
48,19,farsi20,farsi,female,1993,afghanistan
20,5,farsi21,farsi,male,2025,afghanistan
20,5,farsi22,farsi,female,2037,iran
24,5,farsi23,farsi,female,2063,iran
28,14,farsi3,farsi,female,170,iran
21,15,farsi4,farsi,female,171,iran
43,14,farsi5,farsi,male,172,iran
27,9,farsi6,farsi,male,173,iran
29,11,farsi7,farsi,male,174,iran
29,11,farsi8,farsi,female,175,iran
39,12,farsi9,farsi,male,176,iran
39,13,fataluku1,fataluku,male,1000,timor-leste
35,5,fijian1,fijian,male,655,fiji
39,6,fijian2,fijian,female,656,fiji
48,6,fijian3,fijian,female,657,fiji
23,4,filipino1,filipino,male,1068,philippines
21,3,filipino2,filipino,female,1500,philippines
22,9,finnish1,finnish,female,177,finland
20,7,finnish2,finnish,male,178,finland
20,7,finnish3,finnish,female,699,finland
30,9,finnish4,finnish,female,700,finland
30,5,finnish5,finnish,male,873,canada
19,9,finnish6,finnish,female,1221,finland
46,9,finnish7,finnish,female,1939,finland
18,9,finnish8,finnish,female,2145,finland
20,12,french1,french,female,179,france
31,10,french10,french,male,500,france
31,11,french11,french,male,514,france
19,9,french12,french,female,524,canada
19,12,french13,french,male,628,france
23,14,french14,french,female,629,france
32,12,french15,french,male,633,france
19,7,french16,french,female,658,canada
39,14,french17,french,male,683,switzerland
22,6,french18,french,male,741,usa
39,12,french19,french,male,755,france
19,14,french2,french,male,180,tunisia
23,12,french20,french,male,804,canada
20,9,french21,french,male,811,france
78,16,french22,french,female,822,belgium
76,16,french23,french,female,823,belgium
47,13,french24,french,male,832,algeria
20,12,french25,french,male,860,france
27,11,french26,french,female,917,canada
38,12,french27,french,female,932,algeria
35,11,french28,french,female,957,haiti
54,10,french29,french,female,1021,france
22,11,french3,french,female,181,france
37,12,french30,french,male,1023,democratic republic of congo
28,15,french31,french,male,1062,france
60,16,french32,french,male,1080,democratic republic of congo
62,10,french33,french,male,1127,canada
56,16,french34,french,male,1160,ivory coast
27,10,french35,french,male,1189,france
32,10,french36,french,female,1304,france
42,14,french37,french,male,1306,france
22,8,french38,french,male,1424,canada
28,13,french39,french,male,1427,france
31,14,french4,french,female,182,ivory coast
44,13.5,french40,french,female,1429,france
24,12,french41,french,male,1474,andorra
22,20,french42,french,female,1509,democratic republic of congo
22,11,french43,french,male,1535,france
20,12,french44,french,female,1545,switzerland
22,8,french45,french,male,1567,canada
22,10,french46,french,male,1643,france
66,12,french47,french,female,1662,france
19,3,french48,french,female,1701,cameroon
39,12,french49,french,male,1729,france
36,11,french5,french,female,183,cameroon
67,14,french50,french,female,1751,france
18,5,french51,french,male,1765,belgium
56,11,french52,french,female,1813,portugal
19,10,french53,french,female,1830,france
25,8,french54,french,female,1846,france
62,12,french55,french,female,1889,morocco
21,5,french56,french,female,1898,cameroon
23,12,french57,french,male,1931,senegal
25,18,french58,french,female,1937,cameroon
20,5,french59,french,female,1938,france
26,13,french6,french,female,184,gabon
20,11,french60,french,female,1945,france
41,10,french61,french,female,1998,pakistan
21,20,french62,french,female,2030,france
37,11,french63,french,male,2111,burkina faso
18,5,french7,french,male,185,canada
66,16,french8,french,male,186,belgium
21,11,french9,french,male,412,martinique
62,13,frisian1,frisian,male,187,netherlands
47,5,ga1,ga,male,579,ghana
38,4,ga2,ga,female,974,ghana
60,5,ga3,ga,female,976,ghana
60,6,ga4,ga,male,1150,ghana
36,5,ga5,ga,male,1796,ghana
20,8,ga6,ga,female,2122,ghana
72,40,gan1,gan,male,1632,china
52,15,ganda1,ganda,female,580,uganda
34,5,ganda2,ganda,male,1369,uganda
69,5,garifuna1,garifuna,female,1756,belize
51,23,garifuna2,garifuna,male,1757,honduras
51,9,gedeo1,gedeo,male,1090,ethiopia
30,28,georgian1,georgian,female,188,republic of georgia
41,36,georgian2,georgian,female,463,republic of georgia
29,6,georgian3,georgian,male,713,republic of georgia
28,12,georgian4,georgian,male,721,republic of georgia
24,21,georgian5,georgian,male,1059,republic of georgia
48,12,german1,german,female,189,germany
24,10,german10,german,male,635,germany
20,11,german11,german,female,640,germany
29,14,german12,german,female,651,austria
54,13,german13,german,female,652,liechtenstein
30,10,german14,german,female,675,austria
35,11,german15,german,male,676,austria
31,11,german16,german,female,881,germany
53,10,german17,german,female,882,germany
29,6,german18,german,male,893,austria
19,11,german19,german,female,928,germany
29,12,german2,german,female,190,germany
41,16,german20,german,male,936,switzerland
20,10,german21,german,female,1064,austria
21,12,german22,german,female,1092,germany
24,11,german23,german,male,1255,germany
27,10,german24,german,male,1383,germany
21,11,german25,german,female,1443,germany
77,24,german26,german,female,1452,germany
23,10,german27,german,male,1494,germany
19,10,german28,german,female,1525,austria
53,12,german29,german,female,1619,germany
19,12,german3,german,female,191,germany
32,8,german30,german,female,1681,austria
21,10,german31,german,female,1685,germany
29,12,german32,german,female,1707,germany
39,10,german33,german,male,1877,germany
28,11,german34,german,male,1879,germany
51,11,german35,german,female,1972,germany
18,14,german36,german,female,1994,germany
19,11,german4,german,female,192,germany
47,12,german5,german,male,193,germany
28,8,german6,german,male,194,austria
20,11,german7,german,male,501,germany
25,10,german8,german,male,545,germany
22,8,german9,german,male,616,germany
19,9,greek1,greek,male,195,greece
58,14,greek10,greek,male,1620,cyprus
21,3,greek11,greek,female,1634,greece
24,4,greek12,greek,male,1712,usa
23,6,greek13,greek,female,1804,albania
22,3,greek14,greek,female,1816,usa
81,8,greek15,greek,female,1839,israel
26,9,greek2,greek,female,196,greece
37,15,greek3,greek,female,197,greece
37,7,greek4,greek,male,570,greece
51,25,greek5,greek,male,621,cyprus
62,12,greek6,greek,female,813,greece
18,4,greek7,greek,male,1102,greece
37,3,greek8,greek,male,1415,greece
23,6,greek9,greek,female,1418,greece
20,15,gujarati1,gujarati,male,198,india
22,8,gujarati2,gujarati,male,199,india
28,2,gujarati3,gujarati,female,200,ireland
53,16,gujarati4,gujarati,female,610,india
28,3,gujarati5,gujarati,female,1016,india
29,5,gujarati6,gujarati,male,1143,india
40,4,gujarati7,gujarati,female,1504,india
27,7,gujarati8,gujarati,female,1678,india
19,9,gujarati9,gujarati,male,2041,india
44,12,gusii1,gusii,male,201,kenya
41,6,gusii2,gusii,male,1153,kenya
51,12,hadiyya1,hadiyya,male,1022,ethiopia
30,11,hadiyya2,hadiyya,male,1032,ethiopia
45,7,hainanese1,hainanese,male,914,singapore
72,13,hakka1,hakka,female,1655,taiwan
49,7,hausa1,hausa,male,1034,nigeria
46,10,hausa2,hausa,male,1035,nigeria
47,6,hausa3,hausa,female,1036,nigeria
62,10,hausa4,hausa,male,1039,nigeria
43,12,hausa5,hausa,female,1047,niger
48,6,hausa6,hausa,male,1048,nigeria
52,7,hausa7,hausa,male,1050,nigeria
30,7,hausa8,hausa,male,1136,nigeria
43,5,hausa9,hausa,male,1408,nigeria
23,10,hebrew1,hebrew,male,202,israel
24,10,hebrew2,hebrew,male,203,israel
33,8,hebrew3,hebrew,male,204,israel
20,9,hebrew4,hebrew,female,205,israel
23,10,hebrew5,hebrew,male,206,israel
33,9,hebrew6,hebrew,female,411,israel
52,12,hebrew7,hebrew,male,941,israel
28,7,hebrew8,hebrew,male,1074,israel
23,4,hebrew9,hebrew,male,1725,israel
27,2,hindi1,hindi,male,207,india
19,10.5,hindi10,hindi,female,1202,india
20,4,hindi11,hindi,male,1437,india
25,4,hindi12,hindi,female,1440,india
43,13,hindi13,hindi,female,1633,india
53,12,hindi14,hindi,male,1697,india
23,1,hindi15,hindi,female,1794,india
25,5,hindi16,hindi,male,1966,india
47,3,hindi17,hindi,female,1988,india
21,5,hindi18,hindi,female,2125,india
31,3,hindi2,hindi,male,587,india
42,5,hindi3,hindi,male,593,india
28,14,hindi4,hindi,female,765,india
64,10,hindi5,hindi,female,845,india
27,4,hindi6,hindi,female,866,india
60,5,hindi7,hindi,female,867,india
19,8,hindi8,hindi,male,910,india
31,4,hindi9,hindi,male,1017,india
62,6,hindko1,hindko,male,582,pakistan
35,7,hmong1,hmong,male,2044,laos
47,11.5,hmong2,hmong,male,2045,laos
22.5,20,hungarian1,hungarian,female,209,hungary
22,8,hungarian2,hungarian,female,210,romania
34,8,hungarian3,hungarian,male,211,romania
26,5,hungarian4,hungarian,male,594,hungary
29,27,hungarian5,hungarian,female,846,hungary
38,14,hungarian6,hungarian,female,880,hungary
57,17,hungarian7,hungarian,female,1139,hungary
86,86,hungarian8,hungarian,female,1298,hungary
73,15,hungarian9,hungarian,male,2018,hungary
52,3,ibibio1,ibibio,male,1184,nigeria
45,4,ibibio2,ibibio,female,1185,nigeria
36,6,ibibio3,ibibio,male,1691,nigeria
21,11,icelandic1,icelandic,male,422,iceland
43,12,icelandic2,icelandic,female,665,iceland
36,20,icelandic3,icelandic,female,814,iceland
30,12,ife1,ife,male,1821,togo
23,12,igbo1,igbo,female,212,nigeria
65,14,igbo2,igbo,male,760,nigeria
35,5,igbo3,igbo,male,1040,nigeria
53,7,ilonggo1,ilonggo,female,1902,philippines
31,13,indonesian1,indonesian,male,213,indonesia
18,13,indonesian2,indonesian,male,214,indonesia
32,13,indonesian3,indonesian,female,215,indonesia
30,10,indonesian4,indonesian,female,216,indonesia
29,7,indonesian5,indonesian,male,1054,indonesia
20,8,indonesian6,indonesian,male,1309,indonesia
45,12,indonesian7,indonesian,female,1496,indonesia
32,14,indonesian8,indonesian,male,1775,indonesia
28,3,irish1,irish,male,1762,ireland
29,22,italian1,italian,female,217,italy
48,12,italian10,italian,male,627,italy
30,18,italian11,italian,male,641,italy
38,14,italian12,italian,female,681,switzerland
20,8,italian13,italian,male,733,italy
20,8,italian14,italian,male,761,italy
48,15,italian15,italian,male,839,italy
40,14,italian16,italian,male,942,italy
28,14,italian17,italian,male,995,italy
20,8,italian18,italian,male,1043,italy
19,11,italian19,italian,male,1114,italy
46,18,italian2,italian,male,218,italy
32,15,italian20,italian,male,1123,italy
42,20,italian21,italian,male,1124,italy
23,6,italian22,italian,male,1175,italy
34,14,italian23,italian,female,1177,italy
23,6,italian24,italian,female,1406,italy
40,3.5,italian25,italian,male,1322,germany
49,11,italian26,italian,male,1489,italy
33,10,italian27,italian,female,1543,italy
25,6,italian28,italian,male,1679,italy
21,8,italian29,italian,female,1686,italy
55,21,italian3,italian,male,219,italy
23,11,italian30,italian,male,1741,italy
59,23,italian31,italian,female,1976,italy
49,14,italian32,italian,male,1984,italy
78,50,italian33,italian,female,2020,italy
47,11,italian4,italian,female,220,italy
52,25,italian5,italian,male,440,italy
32,15,italian6,italian,female,473,italy
24,8,italian7,italian,male,553,italy
43,10,italian8,italian,male,589,italy
18,8,italian9,italian,male,619,italy
25,12,japanese1,japanese,female,221,japan
26,12,japanese10,japanese,female,827,japan
29,13,japanese11,japanese,female,1046,japan
36,12,japanese12,japanese,male,1365,japan
28,11,japanese13,japanese,male,1381,japan
37,12,japanese14,japanese,female,1382,japan
45,12,japanese15,japanese,male,1521,japan
25,3,japanese16,japanese,female,1537,philippines
44,13,japanese17,japanese,female,1610,japan
52,13,japanese18,japanese,female,1626,japan
57,13,japanese19,japanese,female,1684,japan
27,12,japanese2,japanese,female,222,japan
21,14,japanese20,japanese,male,1833,japan
53,13,japanese21,japanese,female,1847,japan
69,12,japanese22,japanese,female,1881,japan
24,5,japanese23,japanese,male,1942,japan
40,13,japanese24,japanese,female,1948,japan
52,13,japanese25,japanese,female,1987,japan
44,13,japanese26,japanese,female,1991,japan
21,13,japanese27,japanese,female,2123,japan
49,12,japanese3,japanese,female,223,japan
20,15,japanese4,japanese,male,224,japan
25,12,japanese5,japanese,female,225,japan
30,10,japanese6,japanese,female,226,japan
18,12,japanese7,japanese,male,227,japan
25,12,japanese8,japanese,male,486,japan
24,13,japanese9,japanese,male,543,japan
34,16,jola1,jola,male,784,senegal
26,12,kabyle1,kabyle,female,1190,algeria
30,9,kalanga1,kalanga,male,1182,botswana
36,9,kambaata1,kambaata,male,978,ethiopia
51,7,kambaata2,kambaata,male,1002,ethiopia
54,8,kambaata3,kambaata,male,1033,ethiopia
26,5,kannada1,kannada,female,228,india
48,6,kanuri1,kanuri,female,1049,nigeria
18,9,kazakh1,kazakh,male,229,kazakhstan
22,6,kazakh2,kazakh,male,1234,kazakhstan
49,30,kazakh3,kazakh,female,1763,kazakhstan
21,16,khmer1,khmer,female,230,cambodia
19,16,khmer2,khmer,male,231,cambodia
46,25,khmer3,khmer,male,232,cambodia
31,16,khmer4,khmer,male,1087,cambodia
47,25,khmer5,khmer,male,1609,cambodia
20,4,khmer6,khmer,female,1669,australia
56,25,khmer7,khmer,male,1911,cambodia
19,16,kikongo1,kikongo,male,464,usa
56,28,kikongo2,kikongo,male,1031,angola
48,5,kikuyu1,kikuyu,male,466,kenya
50,7,kikuyu2,kikuyu,male,1155,kenya
45,5,kikuyu3,kikuyu,female,1156,kenya
23,4,kikuyu4,kikuyu,female,1790,kenya
32,28,kirghiz1,kirghiz,female,233,kyrgyzstan
22,6,kiswahili1,kiswahili,male,234,tanzania
28,16,kiswahili2,kiswahili,male,235,tanzania
29,6,kiswahili3,kiswahili,male,236,kenya
36,34,kiswahili4,kiswahili,male,237,democratic republic of congo
56,4,kiswahili5,kiswahili,female,877,tanzania
32,8,kiswahili6,kiswahili,female,887,tanzania
52,5,kiswahili7,kiswahili,female,934,tanzania
42,3,kiswahili8,kiswahili,female,1041,kenya
50,13,kiswahili9,kiswahili,male,1146,tanzania
38,6,konkani1,konkani,female,438,india
29,13,korean1,korean,male,238,south korea
34,13,korean10,korean,male,483,south korea
26,14,korean11,korean,male,559,south korea
31,31,korean12,korean,male,608,south korea
50,12,korean13,korean,female,759,south korea
22,8,korean14,korean,female,892,malaysia
42,40,korean15,korean,male,1005,south korea
30,13,korean16,korean,female,1006,south korea
21,8,korean17,korean,male,1007,south korea
25,7,korean18,korean,male,1117,south korea
21,14,korean19,korean,female,1118,south korea
23,14,korean2,korean,female,239,south korea
58,13,korean20,korean,female,1126,south korea
21,12,korean21,korean,male,1142,south korea
19,8,korean22,korean,female,1145,south korea
49,12,korean23,korean,female,1196,south korea
42,13,korean24,korean,male,1370,south korea
34,12,korean25,korean,female,1386,south korea
23,21,korean26,korean,male,1507,south korea
51,14,korean27,korean,male,1624,south korea
62,13,korean28,korean,female,1663,south korea
19,8,korean29,korean,female,1687,south korea
19,17,korean3,korean,female,240,south korea
49,14,korean30,korean,female,1690,south korea
18,7,korean31,korean,female,1696,south korea
35,28,korean32,korean,female,1715,south korea
30,13,korean33,korean,female,1722,south korea
20,11,korean34,korean,female,1814,south korea
48,12,korean35,korean,male,1815,south korea
51,12,korean36,korean,female,1838,south korea
27,14,korean37,korean,female,1843,south korea
25,10,korean38,korean,male,1848,south korea
55,14,korean39,korean,male,1862,south korea
29,15,korean4,korean,female,241,south korea
21,17,korean40,korean,female,1943,south korea
50,12,korean41,korean,female,1946,south korea
26,3,korean42,korean,male,1950,usa
20,13,korean43,korean,male,1952,south korea
49,14,korean44,korean,male,1971,south korea
28,13,korean45,korean,male,1982,south korea
21,21,korean46,korean,female,2015,south korea
23,10,korean47,korean,male,2058,south korea
32,27,korean48,korean,male,2075,south korea
22,7,korean49,korean,female,2098,south korea
50,12,korean5,korean,female,242,south korea
57,13,korean50,korean,female,2133,south korea
25,16,korean51,korean,male,2134,south korea
40,12,korean52,korean,male,2158,south korea
21,12,korean6,korean,female,243,south korea
32,10,korean7,korean,male,244,south korea
39,13,korean8,korean,female,452,south korea
34,12,korean9,korean,male,474,south korea
46,5,krio1,krio,female,245,sierra leone
26,5,krio2,krio,male,431,sierra leone
21,5,krio3,krio,female,1095,sierra leone
48,7,krio4,krio,female,1106,sierra leone
36,6,krio5,krio,male,1140,sierra leone
26,3,krio6,krio,female,2031,sierra leone
52,4,kru1,kru,female,1760,liberia
24,15,kurdish1,kurdish,male,246,iraq
37,30,kurdish10,kurdish,male,1767,iraq
50,10,kurdish2,kurdish,male,669,iraq
33,12,kurdish3,kurdish,female,809,iraq
30,9,kurdish4,kurdish,male,1098,iraq
32,11,kurdish5,kurdish,male,1180,iraq
57,11,kurdish6,kurdish,female,1197,iraq
29,13,kurdish7,kurdish,male,1318,iran
55,39,kurdish8,kurdish,female,1731,iraq
57,40,kurdish9,kurdish,male,1766,iraq
30,13,lamaholot1,lamaholot,male,247,indonesia
38,14,lamotrekese1,lamotrekese,male,432,federated states of micronesia
19,12,lao1,lao,female,248,laos
25,21,lao2,lao,female,249,
52,20,lao3,lao,male,2007,laos
24,13,latvian1,latvian,female,250,latvia
70,11,latvian2,latvian,female,964,latvia
19,5,latvian3,latvian,female,1845,latvia
37,30,lingala1,lingala,male,1158,democratic republic of congo
27,24,lithuanian1,lithuanian,female,251,lithuania
34,32,lithuanian2,lithuanian,female,459,lithuania
22,8,lithuanian3,lithuanian,female,596,lithuania
23,12,lithuanian4,lithuanian,female,816,lithuania
24,9,lithuanian5,lithuanian,female,1267,lithuania
21,10,lithuanian6,lithuanian,female,1465,lithuania
42,12,luo1,luo,male,252,kenya
33,5,luo2,luo,female,484,kenya
54,12,luxembourgeois1,luxembourgeois,female,1296,luxembourg
19,11,macedonian1,macedonian,male,253,macedonia
20,10,macedonian10,macedonian,female,1590,macedonia
20,8,macedonian11,macedonian,female,1591,macedonia
20,10,macedonian12,macedonian,female,1592,macedonia
20,8,macedonian13,macedonian,female,1593,macedonia
20,9,macedonian14,macedonian,female,1594,macedonia
20,10,macedonian15,macedonian,female,1595,macedonia
20,5,macedonian16,macedonian,female,1596,macedonia
24,6,macedonian17,macedonian,male,1597,macedonia
20,5,macedonian18,macedonian,female,1601,macedonia
22,10,macedonian19,macedonian,male,1602,macedonia
24,15,macedonian2,macedonian,male,888,macedonia
19,10,macedonian20,macedonian,female,1603,macedonia
19,12,macedonian21,macedonian,female,1604,macedonia
21,8,macedonian22,macedonian,female,1605,macedonia
20,11,macedonian23,macedonian,female,1606,macedonia
20,7,macedonian24,macedonian,female,1607,macedonia
20,9,macedonian25,macedonian,female,1608,macedonia
29,11,macedonian26,macedonian,male,2014,macedonia
24,11,macedonian3,macedonian,male,948,macedonia
21,11,macedonian4,macedonian,male,949,macedonia
19,11,macedonian5,macedonian,female,1585,macedonia
19,9,macedonian6,macedonian,male,1586,macedonia
19,10,macedonian7,macedonian,female,1587,macedonia
20,8,macedonian8,macedonian,male,1588,macedonia
19,10,macedonian9,macedonian,female,1589,macedonia
44,20,malagasy1,malagasy,male,1354,madagascar
28,3,malay1,malay,female,254,malaysia
22,5,malay2,malay,male,1194,malaysia
43,6,malay3,malay,female,1497,malaysia
21,8,malay4,malay,female,1503,malaysia
19,3,malay5,malay,male,1670,malaysia
24,5,malayalam1,malayalam,male,255,india
29,5,malayalam2,malayalam,female,592,india
19,3.5,malayalam3,malayalam,female,1780,india
18,3,malayalam4,malayalam,female,1857,united arab emirates
30,4,maltese1,maltese,female,409,malta
74,6,maltese2,maltese,female,1359,malta
26,13,mandarin1,mandarin,female,256,china
19,3,mandarin10,mandarin,male,491,china
53,13,mandarin11,mandarin,female,607,taiwan
23,1,mandarin12,mandarin,male,623,singapore
29,13,mandarin13,mandarin,male,685,taiwan
49,20,mandarin14,mandarin,male,719,china
28,11,mandarin15,mandarin,female,746,taiwan
32,10,mandarin16,mandarin,male,750,taiwan
26,13,mandarin17,mandarin,male,796,china
29,13,mandarin18,mandarin,female,872,taiwan
27,13,mandarin19,mandarin,male,916,china
38,14,mandarin2,mandarin,female,257,china
40,12,mandarin20,mandarin,female,931,taiwan
38,9,mandarin21,mandarin,female,984,china
39,11,mandarin22,mandarin,female,1019,china
46,13,mandarin23,mandarin,female,1044,taiwan
21,10,mandarin24,mandarin,female,1089,china
28,13,mandarin25,mandarin,female,1125,china
31,12,mandarin26,mandarin,female,1141,china
18,15,mandarin27,mandarin,male,1154,china
45,15,mandarin28,mandarin,male,1447,china
24,4,mandarin29,mandarin,male,1490,china
43,10,mandarin3,mandarin,male,258,china
27,13,mandarin30,mandarin,male,1491,taiwan
26,13,mandarin31,mandarin,female,1519,china
23,12,mandarin32,mandarin,female,1527,taiwan
25,6,mandarin33,mandarin,male,1541,china
31,13,mandarin34,mandarin,female,1578,china
27,12,mandarin35,mandarin,female,1579,china
32,10,mandarin36,mandarin,female,1580,china
32,12,mandarin37,mandarin,female,1581,china
33,12,mandarin38,mandarin,female,1582,china
24,12,mandarin39,mandarin,female,1583,china
24,6,mandarin4,mandarin,female,259,china
28,12,mandarin40,mandarin,male,1614,china
34,13,mandarin41,mandarin,female,1615,china
47,16,mandarin42,mandarin,female,1616,china
24,15,mandarin43,mandarin,female,1617,china
21,16,mandarin44,mandarin,male,1630,china
42,12,mandarin45,mandarin,female,1631,china
43,9,mandarin46,mandarin,female,1636,china
28,8,mandarin47,mandarin,female,1644,china
37,12,mandarin48,mandarin,male,1645,china
21,10,mandarin49,mandarin,male,1736,china
31,12,mandarin5,mandarin,female,260,china
25,9,mandarin50,mandarin,male,1788,taiwan
25,10,mandarin51,mandarin,male,1792,china
26,6,mandarin52,mandarin,female,1793,china
38,13,mandarin53,mandarin,female,1817,china
25,10,mandarin54,mandarin,female,1900,china
25,13,mandarin55,mandarin,female,1909,china
26,11,mandarin56,mandarin,female,1910,china
20,12,mandarin57,mandarin,male,1990,china
23,7,mandarin58,mandarin,male,2000,usa
20,6,mandarin59,mandarin,female,2019,china
28,12,mandarin6,mandarin,female,261,china
41,13,mandarin60,mandarin,female,2109,china
33,16,mandarin61,mandarin,female,2116,china
24,7,mandarin62,mandarin,male,2117,china
27,12,mandarin63,mandarin,male,2119,china
24,10,mandarin64,mandarin,female,2129,china
20,5,mandarin65,mandarin,female,2173,china
22,5,mandarin7,mandarin,male,262,usa
29,12,mandarin8,mandarin,male,430,china
38,12,mandarin9,mandarin,male,451,china
36,9,mandingo1,mandingo,male,263,sierra leone
23,12,mandinka1,mandinka,male,789,senegal
27,15,mankanya1,mankanya,male,790,senegal
21,3,marathi1,marathi,female,264,india
28,10,marathi2,marathi,male,265,india
31,2,marathi3,marathi,male,837,india
21,5,mauritian1,mauritian,male,266,mauritius
48,7,mauritian2,mauritian,male,1935,mauritius
35,5,mende1,mende,male,436,liberia
21,2,mende2,mende,female,603,sierra leone
32,5,mende3,mende,male,1986,sierra leone
18,8,miskito1,miskito,male,2067,nicaragua
18,13,miskito10,miskito,male,2090,nicaragua
18,11,miskito11,miskito,female,2093,nicaragua
18,7,miskito2,miskito,female,2068,nicaragua
32,14,miskito3,miskito,male,2069,nicaragua
18,15,miskito4,miskito,male,2070,nicaragua
18,7,miskito5,miskito,female,2071,nicaragua
19,12,miskito6,miskito,male,2082,nicaragua
20,15,miskito7,miskito,male,2083,nicaragua
18,12,miskito8,miskito,male,2088,nicaragua
40,38,miskito9,miskito,male,2089,nicaragua
37,6,mizo1,mizo,male,2072,myanmar
54,15,moba1,moba,male,999,togo
18,15,mongolian1,mongolian,female,267,mongolia
22,17,mongolian2,mongolian,male,268,mongolia
38,10,mongolian3,mongolian,male,762,mongolia
19,15,mongolian4,mongolian,male,1024,mongolia
23,9,mongolian5,mongolian,male,1135,bulgaria
29,26,mongolian6,mongolian,female,1199,mongolia
28,28,mongolian7,mongolian,female,1811,mongolia
25,5,mongolian8,mongolian,male,1842,china
19,5,mongolian9,mongolian,male,1896,russia
29,12,moore1,moore,female,269,burkina faso
21,6,mortlockese1,mortlockese,male,270,federated states of micronesia
44,12,nama1,nama,male,1104,namibia
35,18,nandi1,nandi,male,1193,kenya
24,12,naxi1,naxi,female,2164,china
22,5,nepali1,nepali,female,271,nepal
23,3,nepali10,nepali,female,1770,nepal
24,20,nepali11,nepali,female,1865,nepal
26,6,nepali12,nepali,female,1978,nepal
25,5,nepali13,nepali,female,2021,nepal
37,14,nepali2,nepali,female,757,nepal
36,4,nepali3,nepali,male,807,nepal
25,5,nepali4,nepali,male,830,nepal
39,9,nepali5,nepali,male,1495,nepal
24,6,nepali6,nepali,male,1499,nepal
19,7,nepali7,nepali,male,1513,nepal
20,5,nepali8,nepali,male,1514,nepal
36,10,nepali9,nepali,male,1761,nepal
29,5,newari1,newari,male,707,nepal
41,15,ngemba1,ngemba,male,581,cameroon
63,6,ngemba2,ngemba,female,1871,cameroon
41,15,nicaragua,nicaragua,male,2084,nicaragua
33,10,norwegian1,norwegian,female,272,norway
55,12,norwegian2,norwegian,female,273,norway
19,5,norwegian3,norwegian,male,274,norway
23,10,norwegian4,norwegian,male,562,norway
41,9,norwegian5,norwegian,female,697,norway
29,10,norwegian6,norwegian,male,1211,norway
30,15,nuer1,nuer,male,1368,sudan
35,5,oriya1,oriya,male,475,india
32,6,oriya2,oriya,male,1084,india
33,11,oromo1,oromo,female,275,ethiopia
33,10,oromo2,oromo,male,1042,ethiopia
35,8,oromo3,oromo,female,1152,ethiopia
27,5,papiamentu1,papiamentu,female,1781,curacao
23,10,papiamentu2,papiamentu,male,1783,curacao
47,12,pashto1,pashto,female,696,afghanistan
26,5,pashto10,pashto,female,1919,pakistan
26,26,pashto2,pashto,female,792,afghanistan
36,7,pashto3,pashto,female,963,afghanistan
18,6,pashto4,pashto,female,1010,pakistan
52,22,pashto5,pashto,female,1355,afghanistan
59,17,pashto6,pashto,male,1356,afghanistan
42,20,pashto7,pashto,female,1357,afghanistan
39,17,pashto8,pashto,male,1714,afghanistan
56,18,pashto9,pashto,male,1820,afghanistan
18,3,pohnpeian1,pohnpeian,male,276,federated states of micronesia
26,23,polish1,polish,female,277,poland
30,15,polish10,polish,female,842,poland
56,10,polish11,polish,female,843,poland
40,20,polish12,polish,male,883,poland
22,14,polish13,polish,male,958,poland
97,35,polish14,polish,male,1171,poland
25,9,polish15,polish,female,1245,poland
19,8,polish16,polish,male,1278,poland
33,13,polish17,polish,female,1453,poland
18,5,polish18,polish,male,1483,poland
24,7,polish19,polish,male,1549,poland
26,25,polish2,polish,female,278,poland
53,4,polish20,polish,female,1625,poland
30,10,polish21,polish,male,1651,poland
19,11,polish22,polish,male,1652,poland
21,8,polish23,polish,male,1653,poland
20,10,polish24,polish,female,1654,poland
20,11,polish25,polish,male,1671,poland
19,16,polish26,polish,male,1737,poland
19,6,polish27,polish,male,1738,poland
20,10,polish28,polish,female,1745,poland
20,11,polish29,polish,male,1748,poland
31,12,polish3,polish,female,279,poland
21,9,polish30,polish,female,1749,poland
34,16,polish31,polish,female,1918,poland
42,14,polish32,polish,male,2062,poland
21,7,polish33,polish,male,2064,poland
48,12,polish34,polish,female,2085,poland
47,15,polish4,polish,female,280,poland
22,9,polish5,polish,male,482,poland
26,8,polish6,polish,female,626,poland
20,6,polish7,polish,male,728,poland
20,11,polish8,polish,male,769,poland
23,15,polish9,polish,female,841,poland
37,16,portuguese1,portuguese,female,281,brazil
21,13,portuguese10,portuguese,male,282,brazil
40,7,portuguese11,portuguese,female,495,brazil
36,12,portuguese12,portuguese,male,513,portugal
18,9,portuguese13,portuguese,male,520,brazil
25,8,portuguese14,portuguese,male,558,brazil
54,9,portuguese15,portuguese,male,615,brazil
25,15,portuguese16,portuguese,male,632,brazil
18,15,portuguese17,portuguese,male,806,brazil
50,12,portuguese18,portuguese,female,812,portugal
32,4,portuguese19,portuguese,male,829,brazil
18,10,portuguese2,portuguese,female,283,brazil
21,10,portuguese20,portuguese,male,833,brazil
23,17,portuguese21,portuguese,male,891,brazil
43,17,portuguese22,portuguese,female,933,angola
29,10,portuguese23,portuguese,female,938,brazil
22,11,portuguese24,portuguese,female,960,brazil
20,18,portuguese25,portuguese,female,972,brazil
25,10,portuguese26,portuguese,female,1109,brazil
33,8,portuguese27,portuguese,female,1128,brazil
36,10,portuguese28,portuguese,female,1187,brazil
28,8,portuguese29,portuguese,male,1284,brazil
18,15,portuguese3,portuguese,female,284,brazil
26,24,portuguese30,portuguese,female,1285,brazil
29,16,portuguese31,portuguese,male,1286,brazil
29,12,portuguese32,portuguese,male,1305,brazil
38,28,portuguese33,portuguese,male,1316,brazil
18,14,portuguese34,portuguese,male,1376,brazil
22,9,portuguese35,portuguese,female,1389,brazil
39,15,portuguese36,portuguese,female,1438,brazil
43,26,portuguese37,portuguese,female,1454,brazil
25,15,portuguese38,portuguese,male,1470,brazil
26,8,portuguese39,portuguese,female,1553,brazil
20,15,portuguese4,portuguese,male,285,angola
23,0,portuguese40,portuguese,male,1773,uk
22,10,portuguese41,portuguese,male,1849,mexico
24,21,portuguese42,portuguese,male,1883,angola
32,8,portuguese43,portuguese,female,1922,brazil
38,24,portuguese44,portuguese,female,1930,brazil
19,7,portuguese45,portuguese,female,1941,brazil
65,11,portuguese46,portuguese,male,1965,portugal
22,12,portuguese47,portuguese,female,1989,brazil
31,26,portuguese48,portuguese,male,2120,brazil
31,13,portuguese5,portuguese,male,286,angola
44,15,portuguese6,portuguese,male,287,brazil
40,11,portuguese7,portuguese,male,288,brazil
26,7,portuguese8,portuguese,male,289,brazil
18,14,portuguese9,portuguese,male,290,brazil
53,12,pulaar1,pulaar,female,778,senegal
44,13,pulaar2,pulaar,male,779,senegal
53,30,pulaar3,pulaar,male,786,senegal
34,10,punjabi1,punjabi,male,291,pakistan
22,11,punjabi10,punjabi,male,2040,india
26,10,punjabi2,punjabi,male,292,india
19,6,punjabi3,punjabi,male,751,india
33,3,punjabi4,punjabi,female,836,india
49,5,punjabi5,punjabi,male,1612,india
25,5,punjabi6,punjabi,male,1758,pakistan
22,5,punjabi7,punjabi,male,1759,pakistan
44,13,punjabi8,punjabi,male,1782,india
19,11,punjabi9,punjabi,male,2039,india
53,15,quechua1,quechua,female,293,bolivia
32,27,quechua2,quechua,female,294,peru
24,12,romanian1,romanian,male,295,romania
27,11,romanian10,romanian,female,692,romania
39,14,romanian11,romanian,male,693,romania
38,12,romanian12,romanian,female,865,moldova
46,12,romanian13,romanian,male,930,romanian
25,13,romanian14,romanian,female,973,moldova
27,8,romanian15,romanian,female,980,romania
25,9,romanian16,romanian,female,996,romania
55,48,romanian17,romanian,female,1099,moldova
43,28,romanian18,romanian,female,1448,ukraine
19,8,romanian19,romanian,male,1557,moldova
62,14,romanian2,romanian,male,296,romania
34,19,romanian20,romanian,female,1599,romania
50,32,romanian3,romanian,male,297,romania
35,32,romanian4,romanian,female,298,romania
47,12,romanian5,romanian,female,688,romania
35,12,romanian6,romanian,male,689,romania
33,11,romanian7,romanian,male,694,romania
47,12,romanian8,romanian,male,690,romania
28,10,romanian9,romanian,female,691,romania
43,5,rotuman1,rotuman,female,659,fiji
52,7,rotuman2,rotuman,male,660,fiji
36,14,rundi1,rundi,male,1272,burundi
37,36,russian1,russian,male,299,russia
20,5,russian10,russian,female,300,russia
54,13,russian11,russian,male,301,russia
62,53,russian12,russian,male,460,russia
26,10,russian13,russian,male,472,russia
33,18,russian14,russian,male,609,russia
34,12,russian15,russian,female,647,kazakhstan
35,11,russian16,russian,male,648,belarus
37,18,russian17,russian,male,671,russia
23,13,russian18,russian,male,831,russia
40,17,russian19,russian,male,834,kazakhstan
50,10,russian2,russian,female,302,ukraine
28,17,russian20,russian,female,911,kazakhstan
46,10,russian21,russian,female,954,russia
30,11,russian22,russian,male,994,latvia
21,5,russian23,russian,female,1057,ukraine
33,19,russian24,russian,female,1073,russia
58,41,russian25,russian,female,1096,moldova
23,17,russian26,russian,female,1097,moldova
21,14,russian27,russian,male,1191,russia
25,11,russian28,russian,female,1198,belarus
21,6,russian29,russian,male,1254,moldova
35,6,russian3,russian,female,303,ukraine
18,12,russian30,russian,male,1279,russia
21,4,russian31,russian,male,1311,estonia
31,14,russian32,russian,female,1314,ukraine
24,17,russian33,russian,female,1317,kazakhstan
19,15,russian34,russian,male,1407,russia
27,16,russian35,russian,male,1467,germany
25,20,russian36,russian,male,1518,russia
31,10,russian37,russian,male,1523,russia
84,18,russian38,russian,male,1708,belarus
25,5,russian39,russian,female,1750,usa
68,38,russian4,russian,female,304,russia
23,8,russian40,russian,female,1774,kyrgyzstan
30,10,russian41,russian,female,1844,russia
24,4,russian42,russian,female,1924,russia
27,8,russian43,russian,female,1932,russia
29,6,russian44,russian,female,1947,russia
68,14,russian45,russian,female,2027,russia
24,7,russian46,russian,female,2105,russia
26,6,russian47,russian,female,2107,russia
29,6,russian48,russian,female,2137,uzbekistan
25,15,russian5,russian,female,305,russia
26,11,russian6,russian,female,306,russia
54,13,russian7,russian,female,307,ukraine
66,12,russian8,russian,male,308,russia
23,7,russian9,russian,male,309,russia
45,16,rwanda1,rwanda,male,1038,rwanda
52,7,sa'a1,sa'a,male,1200,solomon islands
35,11,sardinian1,sardinian,female,310,switzerland
21,10,sarua1,sarua,male,311,chad
41,6,satawalese1,satawalese,male,312,federated states of micronesia
30,6,satawalese2,satawalese,female,313,federated states of micronesia
47,47,serbian1,serbian,female,314,bosnia
25,7,serbian10,serbian,male,727,serbia
26,14,serbian11,serbian,male,744,serbia
25,11,serbian12,serbian,female,894,serbia
25,11,serbian13,serbian,female,945,bosnia and herzegovina
26,20,serbian14,serbian,female,988,montenegro
26,15,serbian15,serbian,female,1079,bosnia and herzegovina
33,9,serbian16,serbian,male,1157,serbia
29,10,serbian17,serbian,female,1283,serbia
22,11,serbian18,serbian,male,1542,serbia
36,15,serbian2,serbian,male,315,yugoslavia
25,7,serbian3,serbian,male,530,serbia
27,15,serbian4,serbian,male,704,serbia
35,6,serbian5,serbian,male,722,serbia
33,12,serbian6,serbian,male,723,serbia
31,7,serbian7,serbian,female,724,serbia
44,20,serbian8,serbian,male,726,serbia
31,9,serbian9,serbian,female,725,serbia
39,18,serer1,serer,male,780,senegal
52,6,sesotho1,sesotho,female,703,lesotho
34,16,shan1,shan,female,1967,myanmar
42,12,shilluk1,shilluk,male,1028,sudan
30,5,shona1,shona,female,599,zimbabwe
20,6,shona2,shona,female,1442,zimbabwe
77,23,sicilian1,sicilian,male,316,sicily
26,8,sindhi1,sindhi,male,424,pakistan
55,18,sinhala6,sinhala,female,1912,sri lanka
33,4,sinhalese1,sinhalese,female,317,sri lanka
25,14,slovak1,slovak,female,319,slovak republic
23,17,slovak2,slovak,female,320,slovak republic
51,16,slovak3,slovak,female,321,slovak republic
20,15,slovak4,slovak,female,1178,slovakia
32,11,slovak5,slovak,female,1366,slovakia
25,6,slovenian1,slovenian,female,645,slovenia
20,4,slovenian2,slovenian,male,1053,slovenia
26,24,somali1,somali,female,322,somalia
59,8,somali2,somali,male,577,somalia
50,10,somali3,somali,female,600,somalia
25,7,somali4,somali,female,1147,somalia
39,18,somali5,somali,male,1148,somalia
32,17,somali6,somali,male,1149,somalia
24,17,spanish1,spanish,male,323,venezuela
48,47,spanish10,spanish,male,324,el salvador
30,26,spanish100,spanish,female,1508,peru
39,19,spanish101,spanish,female,1574,el salvador
31,26,spanish102,spanish,male,1575,bolivia
46,15,spanish103,spanish,male,1584,el salvador
28,20,spanish104,spanish,female,1600,el salvador
41,10,spanish105,spanish,female,1613,spain
21,5,spanish106,spanish,male,1621,peru
36,14,spanish107,spanish,male,1622,el salvador
36,24,spanish108,spanish,male,1629,colombia
21,16,spanish109,spanish,male,1660,venezuela
49,28,spanish11,spanish,female,325,peru
20,18,spanish110,spanish,male,1680,venezuela
55,33,spanish111,spanish,male,1689,chile
25,15,spanish112,spanish,male,1693,bolivia
19,8,spanish113,spanish,male,1695,bolivia
22,8,spanish114,spanish,female,1732,spain
58,8,spanish115,spanish,female,1744,bolivia
37,6,spanish116,spanish,male,1747,colombia
46,12,spanish117,spanish,male,1797,spain
48,13,spanish118,spanish,female,1806,mexico
40,11,spanish119,spanish,female,1807,spain
25,8,spanish12,spanish,male,326,spain
25,2,spanish120,spanish,female,1823,colombia
34,21,spanish121,spanish,male,1826,el salvador
26,10,spanish122,spanish,female,1831,mexico
57,14,spanish123,spanish,female,1834,colombia
22,5,spanish124,spanish,male,1835,bolivia
23,9,spanish125,spanish,male,1840,peru
54,5,spanish126,spanish,female,1853,panama
34,19,spanish127,spanish,male,1860,el salvador
30,7,spanish128,spanish,female,1869,peru
47,30,spanish129,spanish,female,1874,cuba
29,11,spanish13,spanish,female,327,colombia
27,21,spanish130,spanish,male,1891,ecuador
56,25,spanish131,spanish,male,1903,cuba
50,15,spanish132,spanish,female,1904,puerto rico
38,19,spanish133,spanish,male,1916,bolivia
41,13,spanish134,spanish,female,1921,el salvador
41,22,spanish135,spanish,female,1923,cuba
49,8,spanish136,spanish,male,1949,chile
24,21,spanish137,spanish,female,1979,el salvador
24,16,spanish138,spanish,female,1980,el salvador
50,38,spanish139,spanish,male,1981,guatemala
34,15,spanish14,spanish,female,328,colombia
37,31,spanish140,spanish,female,1985,bolivia
24,12,spanish141,spanish,male,2009,el salvador
59,8,spanish142,spanish,female,2016,el salvador
45,6,spanish143,spanish,male,2026,spain
33,23,spanish144,spanish,female,2051,mexico
37,21,spanish145,spanish,female,2052,mexico
25,18,spanish146,spanish,male,2057,mexico
26,15,spanish147,spanish,male,2078,nicaragua
19,11,spanish148,spanish,male,2079,honduras
23,22,spanish149,spanish,male,2091,nicaragua
54,4,spanish15,spanish,male,329,puerto rico
18,13,spanish150,spanish,male,2094,nicaragua
58,50,spanish151,spanish,female,2096,nicaragua
51,25,spanish152,spanish,male,2100,spain
21,10,spanish153,spanish,male,2118,colombia
30,4,spanish154,spanish,male,2127,uruguay
27,9,spanish155,spanish,male,2130,peru
65,8,spanish156,spanish,female,2142,uruguay
19,3,spanish157,spanish,female,2144,mexico
54,37,spanish158,spanish,female,2148,puerto rico
29,21,spanish159,spanish,male,2149,el salvador
44,25,spanish16,spanish,male,330,argentina
20,7,spanish160,spanish,male,2150,colombia
56,32,spanish161,spanish,female,2156,nicaragua
28,5,spanish162,spanish,male,2169,mexico
22,9,spanish17,spanish,female,331,mexico
22,17,spanish18,spanish,male,332,bolivia
25,17,spanish19,spanish,female,333,cuba
20,12,spanish2,spanish,male,334,venezuela
45,30,spanish20,spanish,male,335,nicaragua
25,18,spanish21,spanish,male,336,chile
32,11,spanish22,spanish,female,337,spain
22,7,spanish23,spanish,male,338,chile
27,5,spanish24,spanish,male,339,mexico
26,21,spanish25,spanish,male,340,costa rica
18,6,spanish26,spanish,male,341,spain
34,14,spanish27,spanish,male,342,spain
20,18,spanish28,spanish,female,343,el salvador
18,10,spanish29,spanish,male,410,venezuela
17,16,spanish3,spanish,female,344,colombia
18,5,spanish30,spanish,male,441,argentina
31,7,spanish31,spanish,female,449,ecuador
26,22,spanish32,spanish,male,450,bolivia
18,15,spanish33,spanish,male,467,venezuela
28,11,spanish34,spanish,male,476,spain
28,17,spanish35,spanish,male,479,mexico
27,25,spanish36,spanish,male,499,uruguay
50,17,spanish37,spanish,female,575,honduras
53,13,spanish38,spanish,male,576,honduras
20,3,spanish39,spanish,male,614,spain
21,17,spanish4,spanish,female,345,el salvador
20,6,spanish40,spanish,male,644,costa rica
25,6,spanish41,spanish,male,706,dominican republic
80,18,spanish42,spanish,female,712,colombia
43,16,spanish43,spanish,male,714,dominican republic
37,4,spanish44,spanish,female,716,dominican republic
47,12,spanish45,spanish,female,715,dominican republic
33,14,spanish46,spanish,male,717,dominican republic
25,12,spanish47,spanish,female,718,dominican republic
21,6,spanish48,spanish,male,731,spain
31,6,spanish49,spanish,male,732,argentina
52,13,spanish5,spanish,female,346,colombia
27,15,spanish50,spanish,male,752,dominican republic
20,6,spanish51,spanish,male,753,puerto rico
29,21,spanish52,spanish,female,777,colombia
33,6,spanish53,spanish,male,797,colombia
25,18,spanish54,spanish,male,800,chile
36,9,spanish55,spanish,male,810,argentina
22,8,spanish56,spanish,male,838,mexico
33,11,spanish57,spanish,male,886,uruguay
31,18,spanish58,spanish,male,906,colombia
31,5,spanish59,spanish,female,908,puerto rico
20,19,spanish6,spanish,male,347,peru
18,9,spanish60,spanish,female,915,dominican republic
67,39,spanish61,spanish,male,924,spain
63,19,spanish62,spanish,female,925,argentina
32,10,spanish63,spanish,female,959,spain
28,12,spanish64,spanish,male,962,colombia
32,12,spanish65,spanish,male,1069,colombia
30,12,spanish66,spanish,male,1077,el salvador
48,14,spanish67,spanish,female,1111,colombia
27,14,spanish68,spanish,male,1227,chile
20,7,spanish69,spanish,female,1229,venezuela
21,20,spanish7,spanish,female,348,colombia
30,10,spanish70,spanish,female,1230,colombia
24,6,spanish71,spanish,male,1231,argentina
20,5,spanish72,spanish,female,1238,usa
19,15,spanish73,spanish,male,1240,venezuela
44,14,spanish74,spanish,male,1249,spain
28,5,spanish75,spanish,female,1273,peru
27,10,spanish76,spanish,male,1290,bolivia
45,13,spanish77,spanish,male,1301,mexico
55,5,spanish78,spanish,female,1338,peru
70,22,spanish79,spanish,female,1344,peru
21,12,spanish8,spanish,male,349,el salvador
77,75,spanish80,spanish,female,1346,colombia
63,7,spanish81,spanish,female,1347,puerto rico
49,14,spanish82,spanish,male,1396,bolivia
48,14,spanish83,spanish,male,1397,bolivia
19,4,spanish84,spanish,female,1398,argentina
44,6,spanish85,spanish,female,1399,argentina
23,4,spanish86,spanish,male,1400,argentina
55,9,spanish87,spanish,male,1401,bolivia
53,25,spanish88,spanish,male,1402,bolivia
22,13,spanish89,spanish,male,1425,mexico
20,17,spanish9,spanish,male,350,venezuela
23,3,spanish90,spanish,female,1431,venezuela
20,7,spanish91,spanish,female,1433,venezuela
54,9,spanish92,spanish,male,1435,cuba
29,18,spanish93,spanish,female,1436,honduras
19,6,spanish94,spanish,male,1439,colombia
31,21,spanish95,spanish,female,1444,mexico
29,12,spanish96,spanish,female,1449,peru
52,19,spanish97,spanish,female,1450,colombia
34,29,spanish98,spanish,male,1451,mexico
20,4,spanish99,spanish,female,1506,peru
37,15,sundanese1,sundanese,female,457,indonesia
24,18,susu1,susu,male,1008,guinea
56,11,swedish1,swedish,female,351,sweden
19,9,swedish10,swedish,female,1065,sweden
36,10,swedish11,swedish,female,1195,finland
23,7,swedish12,swedish,male,1441,sweden
28,10,swedish13,swedish,female,1445,sweden
23,9,swedish14,swedish,male,1752,sweden
22,12,swedish15,swedish,male,1824,sweden
39,11,swedish16,swedish,female,1836,sweden
20,8,swedish17,swedish,female,1861,sweden
42,8,swedish18,swedish,male,1992,sweden
50,12,swedish19,swedish,male,2011,finland
20,10,swedish2,swedish,male,352,sweden
31,7,swedish20,swedish,male,2065,sweden
24,10,swedish3,swedish,male,353,sweden
22,10,swedish4,swedish,male,354,sweden
18,13,swedish5,swedish,male,454,sweden
26,7,swedish6,swedish,male,620,sweden
21,11,swedish7,swedish,female,630,sweden
22,10,swedish8,swedish,female,701,finland
20,10,swedish9,swedish,male,1027,sweden
54,17,sylheti1,sylheti,male,711,bangladesh
0,0,synthesized1,synthesized,male,355,
0,0,synthesized2,synthesized,female,356,
0,0,synthesized3,synthesized,female,357,
0,0,synthesized4,synthesized,male,358,
18,10,tagalog1,tagalog,male,359,philippines
39,6,tagalog10,tagalog,female,1812,philippines
59,11,tagalog11,tagalog,female,1837,philippines
33,5,tagalog12,tagalog,female,1851,philippines
76,7,tagalog13,tagalog,female,1954,philippines
47,17,tagalog14,tagalog,female,2002,philippines
35,1,tagalog15,tagalog,female,2108,philippines
20,4.5,tagalog16,tagalog,male,2128,philippines
21,6,tagalog17,tagalog,male,2146,usa
77,8,tagalog18,tagalog,female,2147,philippines
21,7,tagalog2,tagalog,female,360,philippines
19,1,tagalog3,tagalog,female,361,solomon islands
48,7,tagalog4,tagalog,female,470,philippines
42,5,tagalog5,tagalog,female,677,philippines
20,4,tagalog6,tagalog,male,805,philippines
60,6,tagalog7,tagalog,male,1364,philippines
62,7,tagalog8,tagalog,female,1627,philippines
48,7,tagalog9,tagalog,male,1764,philippines
21,7,taishan1,taishan,male,362,china
36,13,taiwanese1,taiwanese,female,363,taiwan
24,17,taiwanese2,taiwanese,female,364,taiwan
30,13,taiwanese3,taiwanese,female,365,taiwan
45,21,taiwanese4,taiwanese,female,366,taiwan
27,15,taiwanese5,taiwanese,male,481,taiwan
33,13,taiwanese6,taiwanese,female,828,taiwan
65,35,taiwanese7,taiwanese,famale,1864,taiwan
54,13,taiwanese8,taiwanese,female,2136,taiwan
19,7,tajiki1,tajiki,male,2110,tajikistan
19,12,tajiki2,tajiki,female,2175,tajikistan
19,10,tajiki3,tajiki,female,2176,tajikistan
39,7,tamil1,tamil,male,367,sri lanka
35,4,tamil2,tamil,female,429,india
26,10,tamil3,tamil,male,531,india
58,3,tamil4,tamil,female,1647,sri lanka
36,5,tamil5,tamil,female,1723,india
47,6,tamil6,tamil,female,2076,india
29,10,tatar1,tatar,female,368,russia
31,6,telugu1,telugu,male,369,india
18,6,telugu2,telugu,male,370,india
21,10,temne1,temne,male,1905,sierra leone
59,8,teochew1,teochew,female,569,china
25,10,thai1,thai,female,371,thailand
30,6,thai10,thai,male,1488,thailand
18,13,thai11,thai,male,1673,thailand
33,8,thai12,thai,male,1721,thailand
69,7,thai13,thai,female,1829,thailand
39,10,thai14,thai,female,2066,thailand
19,7,thai15,thai,female,2131,thailand
20,10,thai2,thai,male,372,thailand
22,4,thai3,thai,male,373,thailand
23,7,thai4,thai,female,448,thailand
25,10,thai5,thai,male,612,thailand
27,11,thai6,thai,male,698,thailand
26,10,thai7,thai,female,898,thailand
37,25,thai8,thai,male,1055,thailand
18,6,thai9,thai,female,1103,thailand
26,13,tibetan1,tibetan,female,374,tibet
41,35,tibetan2,tibetan,female,375,tibet
20,7,tibetan3,tibetan,female,376,india
25,17,tigrigna1,tigrigna,female,377,ethiopia
23,20,tigrigna2,tigrigna,female,378,eritrea
44,7,tigrigna3,tigrigna,male,379,eritrea
52,14,tigrigna4,tigrigna,female,588,eritrea
45,10,tigrigna5,tigrigna,male,1107,eritrea
58,15,tigrigna6,tigrigna,female,1151,ethiopia
37,7,tigrigna7,tigrigna,female,1855,eritrea
35,7,tigrigna8,tigrigna,male,2054,eritrea
31,7,tswana1,tswana,male,488,botswana
32,6,tswana2,tswana,female,1183,botswana
27,26,turkish1,turkish,female,381,turkey
27,11,turkish10,turkish,male,578,turkey
24,23,turkish11,turkish,female,634,turkey
25,20,turkish12,turkish,male,672,turkey
18,3,turkish13,turkish,female,686,turkey
23,6,turkish14,turkish,female,735,turkey
18,10,turkish15,turkish,male,736,turkey
25,12,turkish16,turkish,male,745,turkey
31,6,turkish17,turkish,male,763,turkey
27,9,turkish18,turkish,male,926,germany
25,18,turkish19,turkish,male,971,turkey
24,16,turkish2,turkish,male,382,turkey
19,9,turkish20,turkish,female,1144,turkey
18,4,turkish21,turkish,female,1210,turkey
23,6,turkish22,turkish,male,1282,turkey
37,11,turkish23,turkish,female,1291,turkey
31,12,turkish24,turkish,male,1329,turkey
32,26,turkish25,turkish,male,1570,turkey
45,22,turkish26,turkish,male,1704,turkey
18,7,turkish27,turkish,female,1730,turkey
24,4,turkish28,turkish,female,1772,turkey
21,11,turkish29,turkish,female,1808,turkey
27,12,turkish3,turkish,male,383,turkey
24,11,turkish30,turkish,female,1929,turkey
24,11,turkish31,turkish,male,2032,turkey
24,11,turkish32,turkish,male,2033,turkey
24,11,turkish33,turkish,male,2034,turkey
24,11,turkish34,turkish,male,2035,turkey
24,11,turkish35,turkish,female,2048,turkey
26,12,turkish36,turkish,female,2168,turkey
19,17,turkish37,turkish,male,2174,tajikistan
20,14,turkish4,turkish,male,384,turkey
30,11,turkish5,turkish,female,385,turkey
19,14,turkish6,turkish,male,386,turkey
19,13,turkish7,turkish,male,387,turkey
37,17,turkish8,turkish,male,478,turkey
25,11,turkish9,turkish,male,532,turkey
24,10,turkmen1,turkmen,male,1755,turkmenistan
25,12,twi1,twi,female,388,ghana
33,6,twi2,twi,male,389,ghana
22,6,twi4,twi,female,1779,ghana
19,5,twi5,twi,male,2001,usa
20,4,twi6,twi,male,2138,ghana
26,17,ukrainian1,ukrainian,male,649,ukraine
25,7,ukrainian10,ukrainian,female,1852,ukraine
23,9,ukrainian11,ukrainian,female,1999,ukraine
53,44,ukrainian2,ukrainian,female,844,ukraine
55,12,ukrainian3,ukrainian,female,864,ukraine
18,8,ukrainian4,ukrainian,male,940,ukraine
18,10,ukrainian5,ukrainian,male,955,ukraine
22,11,ukrainian6,ukrainian,female,1056,ukraine
18,8,ukrainian7,ukrainian,male,1091,ukraine
23,17,ukrainian8,ukrainian,male,1379,ukraine
30,20,ukrainian9,ukrainian,male,1520,ukraine
22,18,urdu1,urdu,male,390,pakistan
20,3,urdu10,urdu,male,1566,pakistan
20,6,urdu11,urdu,male,1576,pakistan
19,4,urdu12,urdu,female,1628,pakistan
22,4,urdu13,urdu,female,1795,pakistan
21,10,urdu14,urdu,male,2038,pakistan
28,8,urdu15,urdu,male,2102,pakistan
22,5,urdu16,urdu,male,2152,pakistan
48,6,urdu2,urdu,female,391,pakistan
25,3,urdu3,urdu,male,423,pakistan
29,4,urdu4,urdu,male,854,kuwait
23,12,urdu5,urdu,male,953,pakistan
24,3,urdu6,urdu,female,1014,india
23,5,urdu7,urdu,male,1061,pakistan
21,5,urdu8,urdu,female,1510,united arab emirates
20,5,urdu9,urdu,female,1539,usa
46,45,uyghur1,uyghur,female,392,china
34,32,uyghur2,uyghur,female,826,china
49,29,uyghur3,uyghur,female,1703,china
39,39,uzbek1,uzbek,female,393,uzbekistan
35,28,uzbek2,uzbek,female,394,afghanistan
40,8,uzbek3,uzbek,male,646,uzbekistan
35,12,uzbek4,uzbek,female,2126,uzbekistan
29,12,vietnamese1,vietnamese,male,395,vietnam
57,18,vietnamese10,vietnamese,female,1192,vietnam
67,15,vietnamese11,vietnamese,male,1201,vietnam
24,9,vietnamese12,vietnamese,female,1529,vietnam
23,6,vietnamese13,vietnamese,male,1562,vietnam
51,20,vietnamese14,vietnamese,male,1698,vietnam
29,15,vietnamese15,vietnamese,male,1809,vietnam
52,17,vietnamese16,vietnamese,male,1850,vietnam
33,11,vietnamese17,vietnamese,female,1940,vietnam
19,11,vietnamese18,vietnamese,female,2010,vietnam
18,4,vietnamese19,vietnamese,female,2013,vietnam
29,25,vietnamese2,vietnamese,male,396,vietnam
46,25,vietnamese20,vietnamese,female,2042,vietnam
21,16,vietnamese21,vietnamese,male,2099,vietnam
23,8,vietnamese22,vietnamese,male,2151,vietnam
28,9,vietnamese3,vietnamese,female,397,vietnam
25,15,vietnamese4,vietnamese,female,398,vietnam
34,31,vietnamese5,vietnamese,male,399,vietnam
41,12,vietnamese6,vietnamese,male,400,vietnam
29,18,vietnamese7,vietnamese,female,401,vietnam
69,12,vietnamese8,vietnamese,male,447,vietnam
20,14,vietnamese9,vietnamese,male,1134,vietnam
24,7,vlaams1,vlaams,male,819,belgium
21,14,vlaams2,vlaams,female,1472,belgium
22,14,vlaams3,vlaams,female,1478,belgium
50,12,vlaams4,vlaams,female,1638,belgium
21,12,wolof1,wolof,male,402,senegal
37,11,wolof2,wolof,male,403,senegal
52,14,wolof3,wolof,female,781,senegal
56,12,wolof4,wolof,female,782,senegal
30,13,wolof5,wolof,female,783,senegal
25,13,wolof6,wolof,male,1787,senegal
30,12,wu1,wu,female,1646,china
35,15,xasonga1,xasonga,female,785,senegal
50,14,xiang1,xiang,female,208,taiwan
30,12,xiang2,xiang,male,1417,china
36,13,xiang3,xiang,male,1522,china
23,10,xiang4,xiang,female,2163,china
19,13,yakut1,yakut,female,1252,russia
34,14,yapese1,yapese,female,433,federated states of micronesia
60,8,yiddish1,yiddish,male,404,france
78,6,yiddish2,yiddish,female,405,canada
52,5,yiddish3,yiddish,male,1161,usa
89,20,yiddish4,yiddish,female,1164,austria
86,26,yiddish5,yiddish,female,1170,lithuania
20,20,yoruba1,yoruba,male,414,benin
40,2,yoruba2,yoruba,female,756,nigeria
46,5,yoruba3,yoruba,female,766,nigeria
46,12,yoruba4,yoruba,male,851,nigeria
47,2,yoruba5,yoruba,female,2023,nigeria
31,1,yupik1,yupik,female,571,usa
24,14,zulu1,zulu,female,406,zimbabwe